id	title	company	city	salary	published_date	url	loaded_at	salary_from	salary_to	salary_currency
130237876	╨Ш╨╜╨▓╨╡╤Б╤В╨╕╤Ж╨╕╨╛╨╜╨╜╤Л╨╣ ╨░╨╜╨░╨╗╨╕╤В╨╕╨║ / Associate (M&A)	╨Т+ ╨Ш╨╜╨▓╨╡╤Б╤В╨╕╤Ж╨╕╨╕	╨Ь╨╛╤Б╨║╨▓╨░	0	2026-02-06	https://hh.ru/vacancy/130237876	2026-02-06 11:19:41	250000	400000	RUR
130234354	╨Р╨╜╨░╨╗╨╕╤В╨╕╨║	╨Я╨░╤А╤В╤Б ╨У╤А╤Г╨┐╨┐	╨Ь╨╛╤Б╨║╨▓╨░	0	2026-02-06	https://hh.ru/vacancy/130234354	2026-02-06 11:19:41	60000	80000	RUR
130231761	╨Р╨╜╨░╨╗╨╕╤В╨╕╨║ ╨┤╨░╨╜╨╜╤Л╤Е (╨Ь╨░╤А╨║╨╡╤В╨╕╨╜╨│)	Aviasales.ru	╨Ь╨╛╤Б╨║╨▓╨░	0	2026-02-06	https://hh.ru/vacancy/130231761	2026-02-06 11:19:41	\N	\N	\N
130237270	╨С╨╕╨╖╨╜╨╡╤Б/c╨╕╤Б╤В╨╡╨╝╨╜╤Л╨╣ ╨░╨╜╨░╨╗╨╕╤В╨╕╨║	╨Ю╨в╨а	╨Ь╨╛╤Б╨║╨▓╨░	0	2026-02-06	https://hh.ru/vacancy/130237270	2026-02-06 11:19:41	\N	\N	\N
130233954	Java-╤А╨░╨╖╤А╨░╨▒╨╛╤В╤З╨╕╨║	Datanomica	╨Ь╨╛╤Б╨║╨▓╨░	0	2026-02-06	https://hh.ru/vacancy/130233954	2026-02-06 11:19:41	\N	287400	RUR
130234211	╨б╨┐╨╡╤Ж╨╕╨░╨╗╨╕╤Б╤В ╨┐╨╛ ╨┤╨╛╨│╨╛╨▓╨╛╤А╨╜╨╛╨╣ ╤А╨░╨▒╨╛╤В╨╡	╨Р╤А╨║╤В╨╕╤З╨╡╤Б╨║╨╕╨╣ ╨Э╨░╤Г╤З╨╜╤Л╨╣ ╨ж╨╡╨╜╤В╤А	╨Ь╨╛╤Б╨║╨▓╨░	0	2026-02-06	https://hh.ru/vacancy/130234211	2026-02-06 11:19:41	\N	\N	\N
130236729	Senior Product Designer	╨ж╨╕╨░╨╜	╨Ь╨╛╤Б╨║╨▓╨░	0	2026-02-06	https://hh.ru/vacancy/130236729	2026-02-06 11:19:41	\N	\N	\N
130125978	Data Engineer (╨╜╨░╨┐╤А╨░╨▓╨╗╨╡╨╜╨╕╨╡ ╨║╨░╤З╨╡╤Б╤В╨▓╨░ ╨┐╤Г╨╜╨║╤В╨╛╨▓ ╨▓╤Л╨┤╨░╤З╨╕)	Ozon	╨Ь╨╛╤Б╨║╨▓╨░	0	2026-02-06	https://hh.ru/vacancy/130125978	2026-02-06 11:19:41	\N	\N	\N
130154130	Data Quality Assurance/╨Ш╨╜╨╢╨╡╨╜╨╡╤А ╤В╨╡╤Б╤В╨╕╤А╨╛╨▓╨░╨╜╨╕╤П ╨┤╨░╨╜╨╜╤Л╤Е	╨Ъ╤А╨╕╨┐╤В╨╛╨╜╨╕╤В	╨Ь╨╛╤Б╨║╨▓╨░	0	2026-02-06	https://hh.ru/vacancy/130154130	2026-02-06 11:19:41	\N	\N	\N
130234832	Data Scientist (Senior)	╨Т╨║╤Г╤Б╨╜╨╛ тАФ ╨╕ ╤В╨╛╤З╨║╨░	╨Ь╨╛╤Б╨║╨▓╨░	0	2026-02-06	https://hh.ru/vacancy/130234832	2026-02-06 11:19:41	\N	\N	\N
129744402	╨Р╨╜╨░╨╗╨╕╤В╨╕╨║-╤А╨░╨╖╤А╨░╨▒╨╛╤В╤З╨╕╨║ (╨Ф╨░╤И╨▒╨╛╤А╨┤╤Л ╨╕ BI-╤А╨╡╤И╨╡╨╜╨╕╤П)	╨б╨╡╤В╤М ╨║╨╗╨╕╨╜╨╕╨║ ╨Я╨╛╨┤╤А╤Г╨╢╨║╨╕	╨Ь╨╛╤Б╨║╨▓╨░	0	2026-02-06	https://hh.ru/vacancy/129744402	2026-02-06 11:19:41	\N	\N	\N
130230796	Data Engineer	╨Т╨║╤Г╤Б╨╜╨╛ тАФ ╨╕ ╤В╨╛╤З╨║╨░	╨Ь╨╛╤Б╨║╨▓╨░	0	2026-02-06	https://hh.ru/vacancy/130230796	2026-02-06 11:19:41	\N	\N	\N
130237559	╨а╨░╨╖╤А╨░╨▒╨╛╤В╤З╨╕╨║ ╨С╨Ф (SQL/pgsql)	╨▒╨╕╨╗╨░╨╣╨╜	╨Ь╨╛╤Б╨║╨▓╨░	0	2026-02-06	https://hh.ru/vacancy/130237559	2026-02-06 11:19:41	\N	\N	\N
130238691	Python Developer тАФ Infrastructure	AbeloHost B.V.	╨Ь╨╛╤Б╨║╨▓╨░	0	2026-02-06	https://hh.ru/vacancy/130238691	2026-02-06 11:19:41	1800	4000	EUR
129746528	╨в╨╡╤Б╤В╨╕╤А╨╛╨▓╤Й╨╕╨║	╨в╤А╨░╨╜╤Б╨╜╨╡╤Д╤В╤М╤Н╨╜╨╡╤А╨│╨╛	╨Ь╨╛╤Б╨║╨▓╨░	0	2026-02-06	https://hh.ru/vacancy/129746528	2026-02-06 11:19:41	170000	200000	RUR
130237559	╨а╨░╨╖╤А╨░╨▒╨╛╤В╤З╨╕╨║ ╨С╨Ф (SQL/pgsql)	╨▒╨╕╨╗╨░╨╣╨╜	╨Ь╨╛╤Б╨║╨▓╨░	0	2026-02-06	https://hh.ru/vacancy/130237559	2026-02-06 11:19:41	\N	\N	\N
130237148	QA Engineer (Middle)	╨Р╨╣╨в╨╕ ╨Ь╨╡╨│╨░╨С╨╛╨║╤Б	╨Ь╨╛╤Б╨║╨▓╨░	0	2026-02-06	https://hh.ru/vacancy/130237148	2026-02-06 11:19:41	\N	\N	\N
130237876	╨Ш╨╜╨▓╨╡╤Б╤В╨╕╤Ж╨╕╨╛╨╜╨╜╤Л╨╣ ╨░╨╜╨░╨╗╨╕╤В╨╕╨║ / Associate (M&A)	╨Т+ ╨Ш╨╜╨▓╨╡╤Б╤В╨╕╤Ж╨╕╨╕	╨Ь╨╛╤Б╨║╨▓╨░	0	2026-02-06	https://hh.ru/vacancy/130237876	2026-02-06 11:19:41	250000	400000	RUR
130234354	╨Р╨╜╨░╨╗╨╕╤В╨╕╨║	╨Я╨░╤А╤В╤Б ╨У╤А╤Г╨┐╨┐	╨Ь╨╛╤Б╨║╨▓╨░	0	2026-02-06	https://hh.ru/vacancy/130234354	2026-02-06 11:19:41	60000	80000	RUR
130231761	╨Р╨╜╨░╨╗╨╕╤В╨╕╨║ ╨┤╨░╨╜╨╜╤Л╤Е (╨Ь╨░╤А╨║╨╡╤В╨╕╨╜╨│)	Aviasales.ru	╨Ь╨╛╤Б╨║╨▓╨░	0	2026-02-06	https://hh.ru/vacancy/130231761	2026-02-06 11:19:41	\N	\N	\N
130237270	╨С╨╕╨╖╨╜╨╡╤Б/c╨╕╤Б╤В╨╡╨╝╨╜╤Л╨╣ ╨░╨╜╨░╨╗╨╕╤В╨╕╨║	╨Ю╨в╨а	╨Ь╨╛╤Б╨║╨▓╨░	0	2026-02-06	https://hh.ru/vacancy/130237270	2026-02-06 11:19:41	\N	\N	\N
130233954	Java-╤А╨░╨╖╤А╨░╨▒╨╛╤В╤З╨╕╨║	Datanomica	╨Ь╨╛╤Б╨║╨▓╨░	0	2026-02-06	https://hh.ru/vacancy/130233954	2026-02-06 11:19:41	\N	287400	RUR
130234211	╨б╨┐╨╡╤Ж╨╕╨░╨╗╨╕╤Б╤В ╨┐╨╛ ╨┤╨╛╨│╨╛╨▓╨╛╤А╨╜╨╛╨╣ ╤А╨░╨▒╨╛╤В╨╡	╨Р╤А╨║╤В╨╕╤З╨╡╤Б╨║╨╕╨╣ ╨Э╨░╤Г╤З╨╜╤Л╨╣ ╨ж╨╡╨╜╤В╤А	╨Ь╨╛╤Б╨║╨▓╨░	0	2026-02-06	https://hh.ru/vacancy/130234211	2026-02-06 11:19:41	\N	\N	\N
130236729	Senior Product Designer	╨ж╨╕╨░╨╜	╨Ь╨╛╤Б╨║╨▓╨░	0	2026-02-06	https://hh.ru/vacancy/130236729	2026-02-06 11:19:41	\N	\N	\N
130125978	Data Engineer (╨╜╨░╨┐╤А╨░╨▓╨╗╨╡╨╜╨╕╨╡ ╨║╨░╤З╨╡╤Б╤В╨▓╨░ ╨┐╤Г╨╜╨║╤В╨╛╨▓ ╨▓╤Л╨┤╨░╤З╨╕)	Ozon	╨Ь╨╛╤Б╨║╨▓╨░	0	2026-02-06	https://hh.ru/vacancy/130125978	2026-02-06 11:19:41	\N	\N	\N
130154130	Data Quality Assurance/╨Ш╨╜╨╢╨╡╨╜╨╡╤А ╤В╨╡╤Б╤В╨╕╤А╨╛╨▓╨░╨╜╨╕╤П ╨┤╨░╨╜╨╜╤Л╤Е	╨Ъ╤А╨╕╨┐╤В╨╛╨╜╨╕╤В	╨Ь╨╛╤Б╨║╨▓╨░	0	2026-02-06	https://hh.ru/vacancy/130154130	2026-02-06 11:19:41	\N	\N	\N
130234832	Data Scientist (Senior)	╨Т╨║╤Г╤Б╨╜╨╛ тАФ ╨╕ ╤В╨╛╤З╨║╨░	╨Ь╨╛╤Б╨║╨▓╨░	0	2026-02-06	https://hh.ru/vacancy/130234832	2026-02-06 11:19:41	\N	\N	\N
129744402	╨Р╨╜╨░╨╗╨╕╤В╨╕╨║-╤А╨░╨╖╤А╨░╨▒╨╛╤В╤З╨╕╨║ (╨Ф╨░╤И╨▒╨╛╤А╨┤╤Л ╨╕ BI-╤А╨╡╤И╨╡╨╜╨╕╤П)	╨б╨╡╤В╤М ╨║╨╗╨╕╨╜╨╕╨║ ╨Я╨╛╨┤╤А╤Г╨╢╨║╨╕	╨Ь╨╛╤Б╨║╨▓╨░	0	2026-02-06	https://hh.ru/vacancy/129744402	2026-02-06 11:19:41	\N	\N	\N
130230796	Data Engineer	╨Т╨║╤Г╤Б╨╜╨╛ тАФ ╨╕ ╤В╨╛╤З╨║╨░	╨Ь╨╛╤Б╨║╨▓╨░	0	2026-02-06	https://hh.ru/vacancy/130230796	2026-02-06 11:19:41	\N	\N	\N
130237559	╨а╨░╨╖╤А╨░╨▒╨╛╤В╤З╨╕╨║ ╨С╨Ф (SQL/pgsql)	╨▒╨╕╨╗╨░╨╣╨╜	╨Ь╨╛╤Б╨║╨▓╨░	0	2026-02-06	https://hh.ru/vacancy/130237559	2026-02-06 11:19:41	\N	\N	\N
130238691	Python Developer тАФ Infrastructure	AbeloHost B.V.	╨Ь╨╛╤Б╨║╨▓╨░	0	2026-02-06	https://hh.ru/vacancy/130238691	2026-02-06 11:19:41	1800	4000	EUR
129746528	╨в╨╡╤Б╤В╨╕╤А╨╛╨▓╤Й╨╕╨║	╨в╤А╨░╨╜╤Б╨╜╨╡╤Д╤В╤М╤Н╨╜╨╡╤А╨│╨╛	╨Ь╨╛╤Б╨║╨▓╨░	0	2026-02-06	https://hh.ru/vacancy/129746528	2026-02-06 11:19:41	170000	200000	RUR
130237559	╨а╨░╨╖╤А╨░╨▒╨╛╤В╤З╨╕╨║ ╨С╨Ф (SQL/pgsql)	╨▒╨╕╨╗╨░╨╣╨╜	╨Ь╨╛╤Б╨║╨▓╨░	0	2026-02-06	https://hh.ru/vacancy/130237559	2026-02-06 11:19:41	\N	\N	\N
130237148	QA Engineer (Middle)	╨Р╨╣╨в╨╕ ╨Ь╨╡╨│╨░╨С╨╛╨║╤Б	╨Ь╨╛╤Б╨║╨▓╨░	0	2026-02-06	https://hh.ru/vacancy/130237148	2026-02-06 11:19:41	\N	\N	\N
130220937	Junior / Middle Data Analyst (Steam & PC Games)	AppMagic	╨Ь╨╛╤Б╨║╨▓╨░	0	2026-02-05	https://hh.ru/vacancy/130220937	2026-02-06 11:19:41	\N	\N	\N
130209765	╨б╨┐╨╡╤Ж╨╕╨░╨╗╨╕╤Б╤В ╨╛╤В╨┤╨╡╨╗╨░ ╨╝╨░╤А╨║╨╡╤В╨╕╨╜╨│╨░	╨С╨░╨║╨░╤А╨┤╨╕ ╨а╤Г╤Б	╨Ь╨╛╤Б╨║╨▓╨░	0	2026-02-05	https://hh.ru/vacancy/130209765	2026-02-06 11:19:41	\N	\N	\N
130218469	╨Т╨╡╨┤╤Г╤Й╨╕╨╣ ╨░╨╜╨░╨╗╨╕╤В╨╕╨║ ╤Б╨╗╤Г╨╢╨▒╤Л ╨▒╨╡╨╖╨╛╨┐╨░╤Б╨╜╨╛╤Б╤В╨╕	╨Ъ╤А╤Г╨┐╨╜╤Л╨╣ ╨░╨│╤А╨╛╤Е╨╛╨╗╨┤╨╕╨╜╨│	╨Ь╨╛╤Б╨║╨▓╨░	0	2026-02-05	https://hh.ru/vacancy/130218469	2026-02-06 11:19:41	\N	\N	\N
130222199	Python-╤А╨░╨╖╤А╨░╨▒╨╛╤В╤З╨╕╨║ (middle)/Data Science Engineer (AI Agents & Integrations)	Finstar Financial Group	╨Ь╨╛╤Б╨║╨▓╨░	0	2026-02-05	https://hh.ru/vacancy/130222199	2026-02-06 11:19:41	\N	\N	\N
130212541	Data Engineer / DWH Analyst	╨д╨╛╨╝╨╕╨╜ ╨б╨╡╤А╨│╨╡╨╣ ╨Р╨╗╨╡╨║╤Б╨░╨╜╨┤╤А╨╛╨▓╨╕╤З	╨Ь╨╛╤Б╨║╨▓╨░	0	2026-02-05	https://hh.ru/vacancy/130212541	2026-02-06 11:19:41	250000	\N	RUR
130211575	Senior User Acquisition Manager	Instories	╨Ь╨╛╤Б╨║╨▓╨░	0	2026-02-05	https://hh.ru/vacancy/130211575	2026-02-06 11:19:41	\N	\N	\N
130221902	Senior Java Backend Developer / Backend Architect	╨Ч╨┤╨╛╤А╨╛╨▓╤М╨╡ ╨╕╨╜╤Д╨╛	╨Ь╨╛╤Б╨║╨▓╨░	0	2026-02-05	https://hh.ru/vacancy/130221902	2026-02-06 11:19:41	\N	\N	\N
130221299	╨б╤В╨░╨╢╤С╤А - ╨╕╨╜╨╢╨╡╨╜╨╡╤А ╨┐╨╛ ╤В╨╡╤Б╤В╨╕╤А╨╛╨▓╨░╨╜╨╕╤О Python, ╨б╨║╨╗╨░╨┤	Ozon	╨Ь╨╛╤Б╨║╨▓╨░	0	2026-02-05	https://hh.ru/vacancy/130221299	2026-02-06 11:19:41	\N	\N	\N
130210765	╨б╨╕╤Б╤В╨╡╨╝╨╜╤Л╨╣ ╨░╨╜╨░╨╗╨╕╤В╨╕╨║ (Middle+)	╨Ъ╨╕╨▒╨╡╤А╨╕╤П	╨Ь╨╛╤Б╨║╨▓╨░	0	2026-02-05	https://hh.ru/vacancy/130210765	2026-02-06 11:19:41	\N	\N	\N
130100121	Python-╤А╨░╨╖╤А╨░╨▒╨╛╤В╤З╨╕╨║/╨░╨╜╨░╨╗╨╕╤В╨╕╨║	╨н╨Ъ╨Ю╨Я╨б╨Ш ╨Ъ╨╛╨╜╤Б╨░╨╗╤В╨╕╨╜╨│	╨Ь╨╛╤Б╨║╨▓╨░	0	2026-02-05	https://hh.ru/vacancy/130100121	2026-02-06 11:19:41	\N	\N	\N
130210974	Backend-╤А╨░╨╖╤А╨░╨▒╨╛╤В╤З╨╕╨║ Python (Middle+ / Senior)	╨Ъ╨╕╨▒╨╡╤А╨╕╤П	╨Ь╨╛╤Б╨║╨▓╨░	0	2026-02-05	https://hh.ru/vacancy/130210974	2026-02-06 11:19:41	\N	\N	\N
130219961	Python-╤А╨░╨╖╤А╨░╨▒╨╛╤В╤З╨╕╨║ (╨Ф╨░╨╜╨╜╤Л╨╡ ╨╕ ╨░╨▓╤В╨╛╨╝╨░╤В╨╕╨╖╨░╤Ж╨╕╤П)	╨С╨░╨╜╨║ ╨Ф╨Ю╨Ь.╨а╨д	╨Ь╨╛╤Б╨║╨▓╨░	0	2026-02-05	https://hh.ru/vacancy/130219961	2026-02-06 11:19:41	\N	\N	\N
130218886	Senior PHP Developer	DatsTeam	╨Ь╨╛╤Б╨║╨▓╨░	0	2026-02-05	https://hh.ru/vacancy/130218886	2026-02-06 11:19:41	300000	\N	RUR
130220937	Junior / Middle Data Analyst (Steam & PC Games)	AppMagic	╨Ь╨╛╤Б╨║╨▓╨░	0	2026-02-05	https://hh.ru/vacancy/130220937	2026-02-06 11:19:41	\N	\N	\N
130209765	╨б╨┐╨╡╤Ж╨╕╨░╨╗╨╕╤Б╤В ╨╛╤В╨┤╨╡╨╗╨░ ╨╝╨░╤А╨║╨╡╤В╨╕╨╜╨│╨░	╨С╨░╨║╨░╤А╨┤╨╕ ╨а╤Г╤Б	╨Ь╨╛╤Б╨║╨▓╨░	0	2026-02-05	https://hh.ru/vacancy/130209765	2026-02-06 11:19:41	\N	\N	\N
130218469	╨Т╨╡╨┤╤Г╤Й╨╕╨╣ ╨░╨╜╨░╨╗╨╕╤В╨╕╨║ ╤Б╨╗╤Г╨╢╨▒╤Л ╨▒╨╡╨╖╨╛╨┐╨░╤Б╨╜╨╛╤Б╤В╨╕	╨Ъ╤А╤Г╨┐╨╜╤Л╨╣ ╨░╨│╤А╨╛╤Е╨╛╨╗╨┤╨╕╨╜╨│	╨Ь╨╛╤Б╨║╨▓╨░	0	2026-02-05	https://hh.ru/vacancy/130218469	2026-02-06 11:19:41	\N	\N	\N
130222199	Python-╤А╨░╨╖╤А╨░╨▒╨╛╤В╤З╨╕╨║ (middle)/Data Science Engineer (AI Agents & Integrations)	Finstar Financial Group	╨Ь╨╛╤Б╨║╨▓╨░	0	2026-02-05	https://hh.ru/vacancy/130222199	2026-02-06 11:19:41	\N	\N	\N
130212541	Data Engineer / DWH Analyst	╨д╨╛╨╝╨╕╨╜ ╨б╨╡╤А╨│╨╡╨╣ ╨Р╨╗╨╡╨║╤Б╨░╨╜╨┤╤А╨╛╨▓╨╕╤З	╨Ь╨╛╤Б╨║╨▓╨░	0	2026-02-05	https://hh.ru/vacancy/130212541	2026-02-06 11:19:41	250000	\N	RUR
130211575	Senior User Acquisition Manager	Instories	╨Ь╨╛╤Б╨║╨▓╨░	0	2026-02-05	https://hh.ru/vacancy/130211575	2026-02-06 11:19:41	\N	\N	\N
130221902	Senior Java Backend Developer / Backend Architect	╨Ч╨┤╨╛╤А╨╛╨▓╤М╨╡ ╨╕╨╜╤Д╨╛	╨Ь╨╛╤Б╨║╨▓╨░	0	2026-02-05	https://hh.ru/vacancy/130221902	2026-02-06 11:19:41	\N	\N	\N
130221299	╨б╤В╨░╨╢╤С╤А - ╨╕╨╜╨╢╨╡╨╜╨╡╤А ╨┐╨╛ ╤В╨╡╤Б╤В╨╕╤А╨╛╨▓╨░╨╜╨╕╤О Python, ╨б╨║╨╗╨░╨┤	Ozon	╨Ь╨╛╤Б╨║╨▓╨░	0	2026-02-05	https://hh.ru/vacancy/130221299	2026-02-06 11:19:41	\N	\N	\N
130210765	╨б╨╕╤Б╤В╨╡╨╝╨╜╤Л╨╣ ╨░╨╜╨░╨╗╨╕╤В╨╕╨║ (Middle+)	╨Ъ╨╕╨▒╨╡╤А╨╕╤П	╨Ь╨╛╤Б╨║╨▓╨░	0	2026-02-05	https://hh.ru/vacancy/130210765	2026-02-06 11:19:41	\N	\N	\N
130100121	Python-╤А╨░╨╖╤А╨░╨▒╨╛╤В╤З╨╕╨║/╨░╨╜╨░╨╗╨╕╤В╨╕╨║	╨н╨Ъ╨Ю╨Я╨б╨Ш ╨Ъ╨╛╨╜╤Б╨░╨╗╤В╨╕╨╜╨│	╨Ь╨╛╤Б╨║╨▓╨░	0	2026-02-05	https://hh.ru/vacancy/130100121	2026-02-06 11:19:41	\N	\N	\N
130210974	Backend-╤А╨░╨╖╤А╨░╨▒╨╛╤В╤З╨╕╨║ Python (Middle+ / Senior)	╨Ъ╨╕╨▒╨╡╤А╨╕╤П	╨Ь╨╛╤Б╨║╨▓╨░	0	2026-02-05	https://hh.ru/vacancy/130210974	2026-02-06 11:19:41	\N	\N	\N
130219961	Python-╤А╨░╨╖╤А╨░╨▒╨╛╤В╤З╨╕╨║ (╨Ф╨░╨╜╨╜╤Л╨╡ ╨╕ ╨░╨▓╤В╨╛╨╝╨░╤В╨╕╨╖╨░╤Ж╨╕╤П)	╨С╨░╨╜╨║ ╨Ф╨Ю╨Ь.╨а╨д	╨Ь╨╛╤Б╨║╨▓╨░	0	2026-02-05	https://hh.ru/vacancy/130219961	2026-02-06 11:19:41	\N	\N	\N
130218886	Senior PHP Developer	DatsTeam	╨Ь╨╛╤Б╨║╨▓╨░	0	2026-02-05	https://hh.ru/vacancy/130218886	2026-02-06 11:19:41	300000	\N	RUR
130089531	QA ╨Ш╨╜╨╢╨╡╨╜╨╡╤А	╨б╨╡╤В╤М ╤Д╨╕╤В╨╜╨╡╤Б-╨║╨╗╤Г╨▒╨╛╨▓ Spirit	╨Ь╨╛╤Б╨║╨▓╨░	0	2026-02-05	https://hh.ru/vacancy/130089531	2026-02-05 20:07:12	\N	\N	\N
130091238	╨Ш╤Б╨┐╨╛╨╗╨╜╨╕╤В╨╡╨╗╤М╨╜╤Л╨╣ ╨┤╨╕╤А╨╡╨║╤В╨╛╤А (CEO)	BRAMTON	╨Ь╨╛╤Б╨║╨▓╨░	0	2026-02-05	https://hh.ru/vacancy/130091238	2026-02-05 20:07:12	500000	850000	RUR
130221147	╨Р╨╜╨░╨╗╨╕╤В╨╕╨║ ╨▓ ╨╛╤В╨┤╨╡╨╗ ╨╝╨╛╨┤╨╡╨╗╨╕╤А╨╛╨▓╨░╨╜╨╕╤П (junior)	╨а╨╛╤Б╨│╨╛╤Б╤Б╤В╤А╨░╤Е	╨Ь╨╛╤Б╨║╨▓╨░	0	2026-02-05	https://hh.ru/vacancy/130221147	2026-02-05 20:07:12	\N	\N	\N
130209765	╨б╨┐╨╡╤Ж╨╕╨░╨╗╨╕╤Б╤В ╨╛╤В╨┤╨╡╨╗╨░ ╨╝╨░╤А╨║╨╡╤В╨╕╨╜╨│╨░	╨С╨░╨║╨░╤А╨┤╨╕ ╨а╤Г╤Б	╨Ь╨╛╤Б╨║╨▓╨░	0	2026-02-05	https://hh.ru/vacancy/130209765	2026-02-05 20:07:12	\N	\N	\N
130206701	╨Ч╨░╨╝╨╡╤Б╤В╨╕╤В╨╡╨╗╤М ╤Д╨╕╨╜╨░╨╜╤Б╨╛╨▓╨╛╨│╨╛ ╨┤╨╕╤А╨╡╨║╤В╨╛╤А╨░ (Deputy CFO / Deputy Finance Director)	╨в╨╡╨║╤Б-╨Ь╨╛╨┤	╨Ь╨╛╤Б╨║╨▓╨░	0	2026-02-05	https://hh.ru/vacancy/130206701	2026-02-05 20:07:12	\N	\N	\N
130219995	╨б╤В╨░╨╢╨╡╤А-╨░╨╜╨░╨╗╨╕╤В╨╕╨║ (HR)	╨Т╨║╤Г╤Б╨╜╨╛ тАФ ╨╕ ╤В╨╛╤З╨║╨░	╨Ь╨╛╤Б╨║╨▓╨░	0	2026-02-05	https://hh.ru/vacancy/130219995	2026-02-05 20:07:12	\N	75000	RUR
130206101	╨б╨┐╨╡╤Ж╨╕╨░╨╗╨╕╤Б╤В ╨┐╨╛ ╤В╨╡╤Б╤В╨╕╤А╨╛╨▓╨░╨╜╨╕╤О (QA)	Datanomica	╨Ь╨╛╤Б╨║╨▓╨░	0	2026-02-05	https://hh.ru/vacancy/130206101	2026-02-05 20:07:12	\N	\N	\N
130199623	╨б╨┐╨╡╤Ж╨╕╨░╨╗╨╕╤Б╤В ╨┐╨╛ ╤А╨░╨▒╨╛╤В╨╡ ╤Б ╨╛╤В╨╖╤Л╨▓╨░╨╝╨╕	╨Я╨Р╨Я╨Р ╨Ф╨Ц╨Ю╨Э╨б	╨Ь╨╛╤Б╨║╨▓╨░	0	2026-02-05	https://hh.ru/vacancy/130199623	2026-02-05 20:07:12	70000	70000	RUR
130218469	╨Т╨╡╨┤╤Г╤Й╨╕╨╣ ╨░╨╜╨░╨╗╨╕╤В╨╕╨║ ╤Б╨╗╤Г╨╢╨▒╤Л ╨▒╨╡╨╖╨╛╨┐╨░╤Б╨╜╨╛╤Б╤В╨╕	╨Ъ╤А╤Г╨┐╨╜╤Л╨╣ ╨░╨│╤А╨╛╤Е╨╛╨╗╨┤╨╕╨╜╨│	╨Ь╨╛╤Б╨║╨▓╨░	0	2026-02-05	https://hh.ru/vacancy/130218469	2026-02-05 20:07:12	\N	\N	\N
130199202	╨б╨╛╤В╤А╤Г╨┤╨╜╨╕╨║ ╨╜╨░ ╤Г╨┤╨░╨╗╨╡╨╜╨╕╨╡ ╨╜╨╡╨│╨░╤В╨╕╨▓╨╜╤Л╤Е ╨╛╤В╨╖╤Л╨▓╨╛╨▓ ╨╝╨░╤А╨║╨╡╤В╨┐╨╗╨╡╨╣╤Б	╨У╨░╨▒╨┤╤А╨░╨║╨╕╨┐╨╛╨▓╨░ ╨Р╨╗╤М╨▒╨╕╨╜╨░ ╨а╨░╨╖╨╕╤В╨╛╨▓╨╜╨░	╨Ь╨╛╤Б╨║╨▓╨░	0	2026-02-05	https://hh.ru/vacancy/130199202	2026-02-05 20:07:12	30000	\N	RUR
130222199	Python-╤А╨░╨╖╤А╨░╨▒╨╛╤В╤З╨╕╨║ (middle)/Data Science Engineer (AI Agents & Integrations)	Finstar Financial Group	╨Ь╨╛╤Б╨║╨▓╨░	0	2026-02-05	https://hh.ru/vacancy/130222199	2026-02-05 20:07:12	\N	\N	\N
130212541	Data Engineer / DWH Analyst	╨д╨╛╨╝╨╕╨╜ ╨б╨╡╤А╨│╨╡╨╣ ╨Р╨╗╨╡╨║╤Б╨░╨╜╨┤╤А╨╛╨▓╨╕╤З	╨Ь╨╛╤Б╨║╨▓╨░	0	2026-02-05	https://hh.ru/vacancy/130212541	2026-02-05 20:07:12	250000	\N	RUR
130211575	Senior User Acquisition Manager	Instories	╨Ь╨╛╤Б╨║╨▓╨░	0	2026-02-05	https://hh.ru/vacancy/130211575	2026-02-05 20:07:12	\N	\N	\N
130217226	Tech lead ╨▓ ╨║╨╛╨╝╨░╨╜╨┤╤Г BI (╨Ь╨У╨в╨б)	╨Ь╨в╨б	╨Ь╨╛╤Б╨║╨▓╨░	0	2026-02-05	https://hh.ru/vacancy/130217226	2026-02-05 20:07:12	\N	\N	\N
130203707	AI Engineer	Aston	╨Ь╨╛╤Б╨║╨▓╨░	0	2026-02-05	https://hh.ru/vacancy/130203707	2026-02-05 20:07:12	\N	\N	\N
130206879	ML-╨╕╨╜╨╢╨╡╨╜╨╡╤А	╨Р╨▓╤А╨╛╤А╨░ ╨Ш╨в-╨┤╨╡╨▓╨╡╨╗╨╛╨┐╨╝╨╡╨╜╤В	╨Ь╨╛╤Б╨║╨▓╨░	0	2026-02-05	https://hh.ru/vacancy/130206879	2026-02-05 20:07:12	\N	\N	\N
130203507	Data Engineer	╨Я╨Ш╨Ъ-╤Б╨┐╨╡╤Ж╨╕╨░╨╗╨╕╨╖╨╕╤А╨╛╨▓╨░╨╜╨╜╤Л╨╣ ╨╖╨░╤Б╤В╤А╨╛╨╣╤Й╨╕╨║	╨Ь╨╛╤Б╨║╨▓╨░	0	2026-02-05	https://hh.ru/vacancy/130203507	2026-02-05 20:07:12	\N	\N	\N
130205898	IT Recruiter / Talent Acquisition Specialist/HR/╨Ь╨╡╨╜╨╡╨┤╨╢╨╡╤А ╨┐╨╛ ╨┐╨╛╨┤╨▒╨╛╤А╤Г ╨┐╨╡╤А╤Б╨╛╨╜╨░╨╗╨░	╨Э╨Ю╨Ю╨б╨д╨Х╨а╨Р	╨Ь╨╛╤Б╨║╨▓╨░	0	2026-02-05	https://hh.ru/vacancy/130205898	2026-02-05 20:07:12	\N	\N	\N
130221902	Senior Java Backend Developer / Backend Architect	╨Ч╨┤╨╛╤А╨╛╨▓╤М╨╡ ╨╕╨╜╤Д╨╛	╨Ь╨╛╤Б╨║╨▓╨░	0	2026-02-05	https://hh.ru/vacancy/130221902	2026-02-05 20:07:12	\N	\N	\N
130201137	QA Fullstack Engineer (╨Р╨║╤Ж╨╕╨╛╨╜╨╜╤Л╨╡ ╨╝╨╡╤Е╨░╨╜╨╕╨║╨╕)	BetBoom	╨Ь╨╛╤Б╨║╨▓╨░	0	2026-02-05	https://hh.ru/vacancy/130201137	2026-02-05 20:07:12	\N	\N	\N
130193904	╨а╤Г╨║╨╛╨▓╨╛╨┤╨╕╤В╨╡╨╗╤М ╨│╤А╤Г╨┐╨┐╤Л ╤А╨░╨╖╤А╨░╨▒╨╛╤В╨║╨╕	╨Р╨в╨Ю╨Ы, ╨│╤А╤Г╨┐╨┐╨░ ╨║╨╛╨╝╨┐╨░╨╜╨╕╨╣	╨Ь╨╛╤Б╨║╨▓╨░	0	2026-02-05	https://hh.ru/vacancy/130193904	2026-02-05 20:07:12	\N	\N	\N
130080897	Data Scientist	╨Х╨Ь╨Х	╨Ь╨╛╤Б╨║╨▓╨░	0	2026-02-05	https://hh.ru/vacancy/130080897	2026-02-05 20:07:12	90000	115000	RUR
130210974	Backend-╤А╨░╨╖╤А╨░╨▒╨╛╤В╤З╨╕╨║ Python (Middle+ / Senior)	╨Ъ╨╕╨▒╨╡╤А╨╕╤П	╨Ь╨╛╤Б╨║╨▓╨░	0	2026-02-05	https://hh.ru/vacancy/130210974	2026-02-05 20:07:12	\N	\N	\N
130218886	Senior PHP Developer	DatsTeam	╨Ь╨╛╤Б╨║╨▓╨░	0	2026-02-05	https://hh.ru/vacancy/130218886	2026-02-05 20:07:12	300000	\N	RUR
130215810	Junior python ╤А╨░╨╖╤А╨░╨▒╨╛╤В╤З╨╕╨║ (Django, Fast API)	╨Т╨Х╨Ы╨Х╨б ╨а╨Ш╨б╨Х╨а╨з	╨Ь╨╛╤Б╨║╨▓╨░	0	2026-02-05	https://hh.ru/vacancy/130215810	2026-02-05 20:07:12	60000	80000	RUR
130221299	╨б╤В╨░╨╢╤С╤А - ╨╕╨╜╨╢╨╡╨╜╨╡╤А ╨┐╨╛ ╤В╨╡╤Б╤В╨╕╤А╨╛╨▓╨░╨╜╨╕╤О Python, ╨б╨║╨╗╨░╨┤	Ozon	╨Ь╨╛╤Б╨║╨▓╨░	0	2026-02-05	https://hh.ru/vacancy/130221299	2026-02-05 20:07:12	\N	\N	\N
130200933	╨а╨░╨╖╤А╨░╨▒╨╛╤В╤З╨╕╨║ backend ╨╜╨░ Python (middle)	2╨Ы╨╡╨║╤Б	╨Ь╨╛╤Б╨║╨▓╨░	0	2026-02-05	https://hh.ru/vacancy/130200933	2026-02-05 20:07:12	150000	\N	RUR
130100121	Python-╤А╨░╨╖╤А╨░╨▒╨╛╤В╤З╨╕╨║/╨░╨╜╨░╨╗╨╕╤В╨╕╨║	╨н╨Ъ╨Ю╨Я╨б╨Ш ╨Ъ╨╛╨╜╤Б╨░╨╗╤В╨╕╨╜╨│	╨Ь╨╛╤Б╨║╨▓╨░	0	2026-02-05	https://hh.ru/vacancy/130100121	2026-02-05 20:07:12	\N	\N	\N
130219961	Python-╤А╨░╨╖╤А╨░╨▒╨╛╤В╤З╨╕╨║ (╨Ф╨░╨╜╨╜╤Л╨╡ ╨╕ ╨░╨▓╤В╨╛╨╝╨░╤В╨╕╨╖╨░╤Ж╨╕╤П)	╨С╨░╨╜╨║ ╨Ф╨Ю╨Ь.╨а╨д	╨Ь╨╛╤Б╨║╨▓╨░	0	2026-02-05	https://hh.ru/vacancy/130219961	2026-02-05 20:07:12	\N	\N	\N
130089531	QA ╨Ш╨╜╨╢╨╡╨╜╨╡╤А	╨б╨╡╤В╤М ╤Д╨╕╤В╨╜╨╡╤Б-╨║╨╗╤Г╨▒╨╛╨▓ Spirit	╨Ь╨╛╤Б╨║╨▓╨░	0	2026-02-05	https://hh.ru/vacancy/130089531	2026-02-05 20:07:12	\N	\N	\N
130091238	╨Ш╤Б╨┐╨╛╨╗╨╜╨╕╤В╨╡╨╗╤М╨╜╤Л╨╣ ╨┤╨╕╤А╨╡╨║╤В╨╛╤А (CEO)	BRAMTON	╨Ь╨╛╤Б╨║╨▓╨░	0	2026-02-05	https://hh.ru/vacancy/130091238	2026-02-05 20:07:12	500000	850000	RUR
130221147	╨Р╨╜╨░╨╗╨╕╤В╨╕╨║ ╨▓ ╨╛╤В╨┤╨╡╨╗ ╨╝╨╛╨┤╨╡╨╗╨╕╤А╨╛╨▓╨░╨╜╨╕╤П (junior)	╨а╨╛╤Б╨│╨╛╤Б╤Б╤В╤А╨░╤Е	╨Ь╨╛╤Б╨║╨▓╨░	0	2026-02-05	https://hh.ru/vacancy/130221147	2026-02-05 20:07:12	\N	\N	\N
130209765	╨б╨┐╨╡╤Ж╨╕╨░╨╗╨╕╤Б╤В ╨╛╤В╨┤╨╡╨╗╨░ ╨╝╨░╤А╨║╨╡╤В╨╕╨╜╨│╨░	╨С╨░╨║╨░╤А╨┤╨╕ ╨а╤Г╤Б	╨Ь╨╛╤Б╨║╨▓╨░	0	2026-02-05	https://hh.ru/vacancy/130209765	2026-02-05 20:07:12	\N	\N	\N
130206701	╨Ч╨░╨╝╨╡╤Б╤В╨╕╤В╨╡╨╗╤М ╤Д╨╕╨╜╨░╨╜╤Б╨╛╨▓╨╛╨│╨╛ ╨┤╨╕╤А╨╡╨║╤В╨╛╤А╨░ (Deputy CFO / Deputy Finance Director)	╨в╨╡╨║╤Б-╨Ь╨╛╨┤	╨Ь╨╛╤Б╨║╨▓╨░	0	2026-02-05	https://hh.ru/vacancy/130206701	2026-02-05 20:07:12	\N	\N	\N
130219995	╨б╤В╨░╨╢╨╡╤А-╨░╨╜╨░╨╗╨╕╤В╨╕╨║ (HR)	╨Т╨║╤Г╤Б╨╜╨╛ тАФ ╨╕ ╤В╨╛╤З╨║╨░	╨Ь╨╛╤Б╨║╨▓╨░	0	2026-02-05	https://hh.ru/vacancy/130219995	2026-02-05 20:07:12	\N	75000	RUR
130206101	╨б╨┐╨╡╤Ж╨╕╨░╨╗╨╕╤Б╤В ╨┐╨╛ ╤В╨╡╤Б╤В╨╕╤А╨╛╨▓╨░╨╜╨╕╤О (QA)	Datanomica	╨Ь╨╛╤Б╨║╨▓╨░	0	2026-02-05	https://hh.ru/vacancy/130206101	2026-02-05 20:07:12	\N	\N	\N
130199623	╨б╨┐╨╡╤Ж╨╕╨░╨╗╨╕╤Б╤В ╨┐╨╛ ╤А╨░╨▒╨╛╤В╨╡ ╤Б ╨╛╤В╨╖╤Л╨▓╨░╨╝╨╕	╨Я╨Р╨Я╨Р ╨Ф╨Ц╨Ю╨Э╨б	╨Ь╨╛╤Б╨║╨▓╨░	0	2026-02-05	https://hh.ru/vacancy/130199623	2026-02-05 20:07:12	70000	70000	RUR
130218469	╨Т╨╡╨┤╤Г╤Й╨╕╨╣ ╨░╨╜╨░╨╗╨╕╤В╨╕╨║ ╤Б╨╗╤Г╨╢╨▒╤Л ╨▒╨╡╨╖╨╛╨┐╨░╤Б╨╜╨╛╤Б╤В╨╕	╨Ъ╤А╤Г╨┐╨╜╤Л╨╣ ╨░╨│╤А╨╛╤Е╨╛╨╗╨┤╨╕╨╜╨│	╨Ь╨╛╤Б╨║╨▓╨░	0	2026-02-05	https://hh.ru/vacancy/130218469	2026-02-05 20:07:12	\N	\N	\N
130199202	╨б╨╛╤В╤А╤Г╨┤╨╜╨╕╨║ ╨╜╨░ ╤Г╨┤╨░╨╗╨╡╨╜╨╕╨╡ ╨╜╨╡╨│╨░╤В╨╕╨▓╨╜╤Л╤Е ╨╛╤В╨╖╤Л╨▓╨╛╨▓ ╨╝╨░╤А╨║╨╡╤В╨┐╨╗╨╡╨╣╤Б	╨У╨░╨▒╨┤╤А╨░╨║╨╕╨┐╨╛╨▓╨░ ╨Р╨╗╤М╨▒╨╕╨╜╨░ ╨а╨░╨╖╨╕╤В╨╛╨▓╨╜╨░	╨Ь╨╛╤Б╨║╨▓╨░	0	2026-02-05	https://hh.ru/vacancy/130199202	2026-02-05 20:07:12	30000	\N	RUR
130222199	Python-╤А╨░╨╖╤А╨░╨▒╨╛╤В╤З╨╕╨║ (middle)/Data Science Engineer (AI Agents & Integrations)	Finstar Financial Group	╨Ь╨╛╤Б╨║╨▓╨░	0	2026-02-05	https://hh.ru/vacancy/130222199	2026-02-05 20:07:12	\N	\N	\N
130212541	Data Engineer / DWH Analyst	╨д╨╛╨╝╨╕╨╜ ╨б╨╡╤А╨│╨╡╨╣ ╨Р╨╗╨╡╨║╤Б╨░╨╜╨┤╤А╨╛╨▓╨╕╤З	╨Ь╨╛╤Б╨║╨▓╨░	0	2026-02-05	https://hh.ru/vacancy/130212541	2026-02-05 20:07:12	250000	\N	RUR
130211575	Senior User Acquisition Manager	Instories	╨Ь╨╛╤Б╨║╨▓╨░	0	2026-02-05	https://hh.ru/vacancy/130211575	2026-02-05 20:07:12	\N	\N	\N
130217226	Tech lead ╨▓ ╨║╨╛╨╝╨░╨╜╨┤╤Г BI (╨Ь╨У╨в╨б)	╨Ь╨в╨б	╨Ь╨╛╤Б╨║╨▓╨░	0	2026-02-05	https://hh.ru/vacancy/130217226	2026-02-05 20:07:12	\N	\N	\N
130203707	AI Engineer	Aston	╨Ь╨╛╤Б╨║╨▓╨░	0	2026-02-05	https://hh.ru/vacancy/130203707	2026-02-05 20:07:12	\N	\N	\N
130206879	ML-╨╕╨╜╨╢╨╡╨╜╨╡╤А	╨Р╨▓╤А╨╛╤А╨░ ╨Ш╨в-╨┤╨╡╨▓╨╡╨╗╨╛╨┐╨╝╨╡╨╜╤В	╨Ь╨╛╤Б╨║╨▓╨░	0	2026-02-05	https://hh.ru/vacancy/130206879	2026-02-05 20:07:12	\N	\N	\N
130203507	Data Engineer	╨Я╨Ш╨Ъ-╤Б╨┐╨╡╤Ж╨╕╨░╨╗╨╕╨╖╨╕╤А╨╛╨▓╨░╨╜╨╜╤Л╨╣ ╨╖╨░╤Б╤В╤А╨╛╨╣╤Й╨╕╨║	╨Ь╨╛╤Б╨║╨▓╨░	0	2026-02-05	https://hh.ru/vacancy/130203507	2026-02-05 20:07:12	\N	\N	\N
130205898	IT Recruiter / Talent Acquisition Specialist/HR/╨Ь╨╡╨╜╨╡╨┤╨╢╨╡╤А ╨┐╨╛ ╨┐╨╛╨┤╨▒╨╛╤А╤Г ╨┐╨╡╤А╤Б╨╛╨╜╨░╨╗╨░	╨Э╨Ю╨Ю╨б╨д╨Х╨а╨Р	╨Ь╨╛╤Б╨║╨▓╨░	0	2026-02-05	https://hh.ru/vacancy/130205898	2026-02-05 20:07:12	\N	\N	\N
130221902	Senior Java Backend Developer / Backend Architect	╨Ч╨┤╨╛╤А╨╛╨▓╤М╨╡ ╨╕╨╜╤Д╨╛	╨Ь╨╛╤Б╨║╨▓╨░	0	2026-02-05	https://hh.ru/vacancy/130221902	2026-02-05 20:07:12	\N	\N	\N
130201137	QA Fullstack Engineer (╨Р╨║╤Ж╨╕╨╛╨╜╨╜╤Л╨╡ ╨╝╨╡╤Е╨░╨╜╨╕╨║╨╕)	BetBoom	╨Ь╨╛╤Б╨║╨▓╨░	0	2026-02-05	https://hh.ru/vacancy/130201137	2026-02-05 20:07:12	\N	\N	\N
130193904	╨а╤Г╨║╨╛╨▓╨╛╨┤╨╕╤В╨╡╨╗╤М ╨│╤А╤Г╨┐╨┐╤Л ╤А╨░╨╖╤А╨░╨▒╨╛╤В╨║╨╕	╨Р╨в╨Ю╨Ы, ╨│╤А╤Г╨┐╨┐╨░ ╨║╨╛╨╝╨┐╨░╨╜╨╕╨╣	╨Ь╨╛╤Б╨║╨▓╨░	0	2026-02-05	https://hh.ru/vacancy/130193904	2026-02-05 20:07:12	\N	\N	\N
130080897	Data Scientist	╨Х╨Ь╨Х	╨Ь╨╛╤Б╨║╨▓╨░	0	2026-02-05	https://hh.ru/vacancy/130080897	2026-02-05 20:07:12	90000	115000	RUR
130210974	Backend-╤А╨░╨╖╤А╨░╨▒╨╛╤В╤З╨╕╨║ Python (Middle+ / Senior)	╨Ъ╨╕╨▒╨╡╤А╨╕╤П	╨Ь╨╛╤Б╨║╨▓╨░	0	2026-02-05	https://hh.ru/vacancy/130210974	2026-02-05 20:07:12	\N	\N	\N
130218886	Senior PHP Developer	DatsTeam	╨Ь╨╛╤Б╨║╨▓╨░	0	2026-02-05	https://hh.ru/vacancy/130218886	2026-02-05 20:07:12	300000	\N	RUR
130215810	Junior python ╤А╨░╨╖╤А╨░╨▒╨╛╤В╤З╨╕╨║ (Django, Fast API)	╨Т╨Х╨Ы╨Х╨б ╨а╨Ш╨б╨Х╨а╨з	╨Ь╨╛╤Б╨║╨▓╨░	0	2026-02-05	https://hh.ru/vacancy/130215810	2026-02-05 20:07:12	60000	80000	RUR
130221299	╨б╤В╨░╨╢╤С╤А - ╨╕╨╜╨╢╨╡╨╜╨╡╤А ╨┐╨╛ ╤В╨╡╤Б╤В╨╕╤А╨╛╨▓╨░╨╜╨╕╤О Python, ╨б╨║╨╗╨░╨┤	Ozon	╨Ь╨╛╤Б╨║╨▓╨░	0	2026-02-05	https://hh.ru/vacancy/130221299	2026-02-05 20:07:12	\N	\N	\N
130200933	╨а╨░╨╖╤А╨░╨▒╨╛╤В╤З╨╕╨║ backend ╨╜╨░ Python (middle)	2╨Ы╨╡╨║╤Б	╨Ь╨╛╤Б╨║╨▓╨░	0	2026-02-05	https://hh.ru/vacancy/130200933	2026-02-05 20:07:12	150000	\N	RUR
130100121	Python-╤А╨░╨╖╤А╨░╨▒╨╛╤В╤З╨╕╨║/╨░╨╜╨░╨╗╨╕╤В╨╕╨║	╨н╨Ъ╨Ю╨Я╨б╨Ш ╨Ъ╨╛╨╜╤Б╨░╨╗╤В╨╕╨╜╨│	╨Ь╨╛╤Б╨║╨▓╨░	0	2026-02-05	https://hh.ru/vacancy/130100121	2026-02-05 20:07:12	\N	\N	\N
130219961	Python-╤А╨░╨╖╤А╨░╨▒╨╛╤В╤З╨╕╨║ (╨Ф╨░╨╜╨╜╤Л╨╡ ╨╕ ╨░╨▓╤В╨╛╨╝╨░╤В╨╕╨╖╨░╤Ж╨╕╤П)	╨С╨░╨╜╨║ ╨Ф╨Ю╨Ь.╨а╨д	╨Ь╨╛╤Б╨║╨▓╨░	0	2026-02-05	https://hh.ru/vacancy/130219961	2026-02-05 20:07:12	\N	\N	\N
130207215	Data Engineer (╨Ш╨╜╨╢╨╡╨╜╨╡╤А ╤Б╨╛╨┐╤А╨╛╨▓╨╛╨╢╨┤╨╡╨╜╨╕╤П) ╨▓ ╨║╨╛╨╝╨░╨╜╨┤╤Г ╨б╨╛╨┐╤А╨╛╨▓╨╛╨╢╨┤╨╡╨╜╨╕╤П ╨┐╤А╨╛╨┤╤Г╨║╤В╨╛╨▓ ╨╕ ╤А╨░╨╖╤А╨░╨▒╨╛╤В╨║╨╕	╨С╨░╨╜╨║ ╨Ф╨Ю╨Ь.╨а╨д	╨Х╨║╨░╤В╨╡╤А╨╕╨╜╨▒╤Г╤А╨│	0	2026-02-05	https://hh.ru/vacancy/130207215	2026-02-05 20:07:12	\N	\N	\N
130207215	Data Engineer (╨Ш╨╜╨╢╨╡╨╜╨╡╤А ╤Б╨╛╨┐╤А╨╛╨▓╨╛╨╢╨┤╨╡╨╜╨╕╤П) ╨▓ ╨║╨╛╨╝╨░╨╜╨┤╤Г ╨б╨╛╨┐╤А╨╛╨▓╨╛╨╢╨┤╨╡╨╜╨╕╤П ╨┐╤А╨╛╨┤╤Г╨║╤В╨╛╨▓ ╨╕ ╤А╨░╨╖╤А╨░╨▒╨╛╤В╨║╨╕	╨С╨░╨╜╨║ ╨Ф╨Ю╨Ь.╨а╨д	╨Х╨║╨░╤В╨╡╤А╨╕╨╜╨▒╤Г╤А╨│	0	2026-02-05	https://hh.ru/vacancy/130207215	2026-02-05 20:07:12	\N	\N	\N
129992394	╨д╤Г╨╗╨╗╤Б╤В╨╡╨║ ╨░╨╜╨░╨╗╨╕╤В╨╕╨║ (╨▒╨╕╨╖╨╜╨╡╤Б + ╤Б╨╕╤Б╤В╨╡╨╝╨╜╤Л╨╣ ╨░╨╜╨░╨╗╨╕╨╖)	╨Ю╨в╨а	╨Ь╨╛╤Б╨║╨▓╨░	0	2026-01-29	https://hh.ru/vacancy/129992394	2026-01-29 10:51:17	\N	\N	\N
129863982	Frontend-╤А╨░╨╖╤А╨░╨▒╨╛╤В╤З╨╕╨║ (React)	╨б╨╕╤Б╤В╨╡╨╝╨╜╨░╤П ╨Ш╨╜╤В╨╡╨│╤А╨░╤Ж╨╕╤П	╨Ь╨╛╤Б╨║╨▓╨░	0	2026-01-29	https://hh.ru/vacancy/129863982	2026-01-29 10:51:17	\N	\N	\N
129989441	HTML - ╨▓╨╡╤А╤Б╤В╨░╨╗╤М╤Й╨╕╨║ (crypto)	╨У╨░╨╜╨▒╨╕╨╜ ╨Р╨╗╨╡╨║╤Б╨░╨╜╨┤╤А	╨Ь╨╛╤Б╨║╨▓╨░	0	2026-01-29	https://hh.ru/vacancy/129989441	2026-01-29 10:51:17	\N	1000	USD
129993114	╨а╤Г╨║╨╛╨▓╨╛╨┤╨╕╤В╨╡╨╗╤М ╨╛╤В╨┤╨╡╨╗╨░ ╨╕╨╜╤Д╨╛╤А╨╝╨░╤Ж╨╕╨╛╨╜╨╜╨╛╨╣ ╨▒╨╡╨╖╨╛╨┐╨░╤Б╨╜╨╛╤Б╤В╨╕	╨Ъ╨╛╨╜╤Б╨╛╨╗╤М.╨Я╤А╨╛	╨Ь╨╛╤Б╨║╨▓╨░	0	2026-01-29	https://hh.ru/vacancy/129993114	2026-01-29 10:51:17	500000	\N	RUR
129995802	╨в╨╡╤Б╤В╨╕╤А╨╛╨▓╤Й╨╕╨║ ╨Я╨Ю (╨Ь╨╛╤Б╨║╨▓╨░)	╨ж╨╡╨╜╤В╤Г╤А╨╕╨╛╨╜-╨Ш╨╜╨╜╨╛╨▓╨░╤Ж╨╕╨╕	╨Ь╨╛╤Б╨║╨▓╨░	0	2026-01-29	https://hh.ru/vacancy/129995802	2026-01-29 10:51:17	\N	\N	\N
129995254	╨Я╨╛╨╝╨╛╤Й╨╜╨╕╨║ ╨╝╨╡╨╜╨╡╨┤╨╢╨╡╤А╨░ ╨╝╨░╤А╨║╨╡╤В╨┐╨╗╨╡╨╣╤Б╨╛╨▓ (Wildberries, Ozon)	╨Ь╨Я ╨а╨Ю╨Ъ╨Х╨в	╨Ь╨╛╤Б╨║╨▓╨░	0	2026-01-29	https://hh.ru/vacancy/129995254	2026-01-29 10:51:17	55000	\N	RUR
129466228	Data Engineer	╨Ы╨╛╤Ж╨╕╤П	╨Ь╨╛╤Б╨║╨▓╨░	0	2026-01-29	https://hh.ru/vacancy/129466228	2026-01-29 10:51:17	\N	\N	\N
129990398	╨Ш╨╜╨╢╨╡╨╜╨╡╤А ╨▒╨╛╨╗╤М╤И╨╕╤Е ╨┤╨░╨╜╨╜╤Л╤Е (Middle/Senior)	╨Ь╨░╨║╨╛╨╝╨╜╨╡╤В	╨Ь╨╛╤Б╨║╨▓╨░	0	2026-01-29	https://hh.ru/vacancy/129990398	2026-01-29 10:51:17	\N	\N	\N
129991094	Data Engineer	╨Р╨Э╨Ю ╨ж╨Ш╨б╨Ь	╨Ь╨╛╤Б╨║╨▓╨░	0	2026-01-29	https://hh.ru/vacancy/129991094	2026-01-29 10:51:17	\N	\N	\N
129979182	Senior Backend Developer	╨Т╨╡╤А╤Б╤Г╤Б ╨б╨╡╤А╨▓╨╕╤Б	╨Ь╨╛╤Б╨║╨▓╨░	0	2026-01-29	https://hh.ru/vacancy/129979182	2026-01-29 10:51:17	\N	\N	\N
129999180	Python-╤А╨░╨╖╤А╨░╨▒╨╛╤В╤З╨╕╨║	╨а╨╛╤Б╤В╨╡╨╗╨╡╨║╨╛╨╝ ╨Ш╨╜╤Д╨╛╤А╨╝╨░╤Ж╨╕╨╛╨╜╨╜╤Л╨╡ ╨в╨╡╤Е╨╜╨╛╨╗╨╛╨│╨╕╨╕	╨Ь╨╛╤Б╨║╨▓╨░	0	2026-01-29	https://hh.ru/vacancy/129999180	2026-01-29 10:51:17	\N	\N	\N
129637770	Data Developer/ ╨Ф╨░╤В╨░ ╤А╨░╨╖╤А╨░╨▒╨╛╤В╤З╨╕╨║ (junior)	╨д╨╕╤В╨▒╨╡╨╣╤Б	╨Ь╨╛╤Б╨║╨▓╨░	0	2026-01-29	https://hh.ru/vacancy/129637770	2026-01-29 10:51:17	\N	100000	RUR
129992394	╨д╤Г╨╗╨╗╤Б╤В╨╡╨║ ╨░╨╜╨░╨╗╨╕╤В╨╕╨║ (╨▒╨╕╨╖╨╜╨╡╤Б + ╤Б╨╕╤Б╤В╨╡╨╝╨╜╤Л╨╣ ╨░╨╜╨░╨╗╨╕╨╖)	╨Ю╨в╨а	╨Ь╨╛╤Б╨║╨▓╨░	0	2026-01-29	https://hh.ru/vacancy/129992394	2026-01-29 10:51:17	\N	\N	\N
129863982	Frontend-╤А╨░╨╖╤А╨░╨▒╨╛╤В╤З╨╕╨║ (React)	╨б╨╕╤Б╤В╨╡╨╝╨╜╨░╤П ╨Ш╨╜╤В╨╡╨│╤А╨░╤Ж╨╕╤П	╨Ь╨╛╤Б╨║╨▓╨░	0	2026-01-29	https://hh.ru/vacancy/129863982	2026-01-29 10:51:17	\N	\N	\N
129989441	HTML - ╨▓╨╡╤А╤Б╤В╨░╨╗╤М╤Й╨╕╨║ (crypto)	╨У╨░╨╜╨▒╨╕╨╜ ╨Р╨╗╨╡╨║╤Б╨░╨╜╨┤╤А	╨Ь╨╛╤Б╨║╨▓╨░	0	2026-01-29	https://hh.ru/vacancy/129989441	2026-01-29 10:51:17	\N	1000	USD
129993114	╨а╤Г╨║╨╛╨▓╨╛╨┤╨╕╤В╨╡╨╗╤М ╨╛╤В╨┤╨╡╨╗╨░ ╨╕╨╜╤Д╨╛╤А╨╝╨░╤Ж╨╕╨╛╨╜╨╜╨╛╨╣ ╨▒╨╡╨╖╨╛╨┐╨░╤Б╨╜╨╛╤Б╤В╨╕	╨Ъ╨╛╨╜╤Б╨╛╨╗╤М.╨Я╤А╨╛	╨Ь╨╛╤Б╨║╨▓╨░	0	2026-01-29	https://hh.ru/vacancy/129993114	2026-01-29 10:51:17	500000	\N	RUR
129995802	╨в╨╡╤Б╤В╨╕╤А╨╛╨▓╤Й╨╕╨║ ╨Я╨Ю (╨Ь╨╛╤Б╨║╨▓╨░)	╨ж╨╡╨╜╤В╤Г╤А╨╕╨╛╨╜-╨Ш╨╜╨╜╨╛╨▓╨░╤Ж╨╕╨╕	╨Ь╨╛╤Б╨║╨▓╨░	0	2026-01-29	https://hh.ru/vacancy/129995802	2026-01-29 10:51:17	\N	\N	\N
129995254	╨Я╨╛╨╝╨╛╤Й╨╜╨╕╨║ ╨╝╨╡╨╜╨╡╨┤╨╢╨╡╤А╨░ ╨╝╨░╤А╨║╨╡╤В╨┐╨╗╨╡╨╣╤Б╨╛╨▓ (Wildberries, Ozon)	╨Ь╨Я ╨а╨Ю╨Ъ╨Х╨в	╨Ь╨╛╤Б╨║╨▓╨░	0	2026-01-29	https://hh.ru/vacancy/129995254	2026-01-29 10:51:17	55000	\N	RUR
129466228	Data Engineer	╨Ы╨╛╤Ж╨╕╤П	╨Ь╨╛╤Б╨║╨▓╨░	0	2026-01-29	https://hh.ru/vacancy/129466228	2026-01-29 10:51:17	\N	\N	\N
129990398	╨Ш╨╜╨╢╨╡╨╜╨╡╤А ╨▒╨╛╨╗╤М╤И╨╕╤Е ╨┤╨░╨╜╨╜╤Л╤Е (Middle/Senior)	╨Ь╨░╨║╨╛╨╝╨╜╨╡╤В	╨Ь╨╛╤Б╨║╨▓╨░	0	2026-01-29	https://hh.ru/vacancy/129990398	2026-01-29 10:51:17	\N	\N	\N
129991094	Data Engineer	╨Р╨Э╨Ю ╨ж╨Ш╨б╨Ь	╨Ь╨╛╤Б╨║╨▓╨░	0	2026-01-29	https://hh.ru/vacancy/129991094	2026-01-29 10:51:17	\N	\N	\N
129979182	Senior Backend Developer	╨Т╨╡╤А╤Б╤Г╤Б ╨б╨╡╤А╨▓╨╕╤Б	╨Ь╨╛╤Б╨║╨▓╨░	0	2026-01-29	https://hh.ru/vacancy/129979182	2026-01-29 10:51:17	\N	\N	\N
129999180	Python-╤А╨░╨╖╤А╨░╨▒╨╛╤В╤З╨╕╨║	╨а╨╛╤Б╤В╨╡╨╗╨╡╨║╨╛╨╝ ╨Ш╨╜╤Д╨╛╤А╨╝╨░╤Ж╨╕╨╛╨╜╨╜╤Л╨╡ ╨в╨╡╤Е╨╜╨╛╨╗╨╛╨│╨╕╨╕	╨Ь╨╛╤Б╨║╨▓╨░	0	2026-01-29	https://hh.ru/vacancy/129999180	2026-01-29 10:51:17	\N	\N	\N
129637770	Data Developer/ ╨Ф╨░╤В╨░ ╤А╨░╨╖╤А╨░╨▒╨╛╤В╤З╨╕╨║ (junior)	╨д╨╕╤В╨▒╨╡╨╣╤Б	╨Ь╨╛╤Б╨║╨▓╨░	0	2026-01-29	https://hh.ru/vacancy/129637770	2026-01-29 10:51:17	\N	100000	RUR
129966656	╨Ш╤Б╨┐╨╛╨╗╨╜╨╕╤В╨╡╨╗╤М╨╜╤Л╨╣ ╨┤╨╕╤А╨╡╨║╤В╨╛╤А (CEO)	BRAMTON	╨б╨░╨╜╨║╤В-╨Я╨╡╤В╨╡╤А╨▒╤Г╤А╨│	0	2026-01-28	https://hh.ru/vacancy/129966656	2026-01-29 10:51:17	400000	750000	RUR
129966656	╨Ш╤Б╨┐╨╛╨╗╨╜╨╕╤В╨╡╨╗╤М╨╜╤Л╨╣ ╨┤╨╕╤А╨╡╨║╤В╨╛╤А (CEO)	BRAMTON	╨б╨░╨╜╨║╤В-╨Я╨╡╤В╨╡╤А╨▒╤Г╤А╨│	0	2026-01-28	https://hh.ru/vacancy/129966656	2026-01-29 10:51:17	400000	750000	RUR
129966656	╨Ш╤Б╨┐╨╛╨╗╨╜╨╕╤В╨╡╨╗╤М╨╜╤Л╨╣ ╨┤╨╕╤А╨╡╨║╤В╨╛╤А (CEO)	BRAMTON	╨б╨░╨╜╨║╤В-╨Я╨╡╤В╨╡╤А╨▒╤Г╤А╨│	0	2026-01-28	https://hh.ru/vacancy/129966656	2026-01-28 13:55:19	400000	750000	RUR
129966656	╨Ш╤Б╨┐╨╛╨╗╨╜╨╕╤В╨╡╨╗╤М╨╜╤Л╨╣ ╨┤╨╕╤А╨╡╨║╤В╨╛╤А (CEO)	BRAMTON	╨б╨░╨╜╨║╤В-╨Я╨╡╤В╨╡╤А╨▒╤Г╤А╨│	0	2026-01-28	https://hh.ru/vacancy/129966656	2026-01-28 13:41:19	400000	750000	RUR
129974796	╨б╨╕╤Б╤В╨╡╨╝╨╜╤Л╨╣ ╨░╨╜╨░╨╗╨╕╤В╨╕╨║	Innovative People	╨Ь╨╛╤Б╨║╨▓╨░	0	2026-01-28	https://hh.ru/vacancy/129974796	2026-01-29 10:51:17	\N	\N	\N
129974060	BI-╨░╨╜╨░╨╗╨╕╤В╨╕╨║ / ╨Р╨╜╨░╨╗╨╕╤В╨╕╨║ ╨┤╨░╨╜╨╜╤Л╤Е (Power BI)	╨Р╨Э╨Ю ╨Ф╨Я╨Ю ╨Э╨Р╨Ф╨Я╨Ю	╨Ь╨╛╤Б╨║╨▓╨░	0	2026-01-28	https://hh.ru/vacancy/129974060	2026-01-29 10:51:17	100000	120000	RUR
129964671	Frontend (React) Engineer	╨в╨Я╨б ╨Э╨╡╨┤╨▓╨╕╨╢╨╕╨╝╨╛╤Б╤В╤М	╨Ь╨╛╤Б╨║╨▓╨░	0	2026-01-28	https://hh.ru/vacancy/129964671	2026-01-29 10:51:17	\N	\N	\N
129967509	╨н╨║╤Б╨┐╨╡╤А╤В ╨▓ ╨Я╤А╨╛╨┤╨▓╨╕╨╜╤Г╤В╤Г╤О ╨░╨╜╨░╨╗╨╕╤В╨╕╨║╤Г ╨╕ ╨╝╨╛╨┤╨╡╨╗╨╕╤А╨╛╨▓╨░╨╜╨╕╨╡ (Data Engineer)	╨С╨░╨╜╨║ ╨Ф╨Ю╨Ь.╨а╨д	╨Ь╨╛╤Б╨║╨▓╨░	0	2026-01-28	https://hh.ru/vacancy/129967509	2026-01-29 10:51:17	\N	\N	\N
129977909	╨б╤В╨░╨╢╨╡╤А-Data Engineer	╨б╨С╨Х╨а	╨Ь╨╛╤Б╨║╨▓╨░	0	2026-01-28	https://hh.ru/vacancy/129977909	2026-01-29 10:51:17	\N	80000	RUR
129964246	Junior OLAP-╤А╨░╨╖╤А╨░╨▒╨╛╤В╤З╨╕╨║	WILDBERRIES	╨Ь╨╛╤Б╨║╨▓╨░	0	2026-01-28	https://hh.ru/vacancy/129964246	2026-01-29 10:51:17	\N	\N	\N
129975551	Data Engineer	╨б╨▒╨╡╤А╨б╨┐╨░╤Б╨╕╨▒╨╛	╨Ь╨╛╤Б╨║╨▓╨░	0	2026-01-28	https://hh.ru/vacancy/129975551	2026-01-29 10:51:17	\N	\N	\N
129970326	Data Engineering / ╨Ш╨╜╨╢╨╡╨╜╨╡╤А ╨┤╨░╨╜╨╜╤Л╤Е ╨╕╨╜╤Д╨╛╤А╨╝╨░╤Ж╨╕╨╛╨╜╨╜╤Л╤Е ╨▒╨╕╨╖╨╜╨╡╤Б-╤Б╨╕╤Б╤В╨╡╨╝	╨Ь╨╛╨╜тАЩ╨┤╤Н╨╗╨╕╤Б ╨а╤Г╤Б╤М	╨Ь╨╛╤Б╨║╨▓╨░	0	2026-01-28	https://hh.ru/vacancy/129970326	2026-01-29 10:51:17	\N	\N	\N
129972780	DevOps ╨╕╨╜╨╢╨╡╨╜╨╡╤А	Data World	╨Ь╨╛╤Б╨║╨▓╨░	0	2026-01-28	https://hh.ru/vacancy/129972780	2026-01-29 10:51:17	\N	240000	RUR
129974462	Data Engineer (╨Ш╨╜╨╢╨╡╨╜╨╡╤А ╨┤╨░╨╜╨╜╤Л╤Е)	Grand Line	╨Ь╨╛╤Б╨║╨▓╨░	0	2026-01-28	https://hh.ru/vacancy/129974462	2026-01-29 10:51:17	200000	\N	RUR
129377777	╨Ь╨╗╨░╨┤╤И╨╕╨╣ ╤А╨░╨╖╤А╨░╨▒╨╛╤В╤З╨╕╨║	╨Т╨╡╤А╨╝╨╡	╨Ь╨╛╤Б╨║╨▓╨░	0	2026-01-28	https://hh.ru/vacancy/129377777	2026-01-29 10:51:17	\N	\N	\N
129974010	Senior Frontend-╤А╨░╨╖╤А╨░╨▒╨╛╤В╤З╨╕╨║	╨Т╨╕╨╢╨╜╨Ы╨░╨▒╤Б (VisionLabs)	╨Ь╨╛╤Б╨║╨▓╨░	0	2026-01-28	https://hh.ru/vacancy/129974010	2026-01-29 10:51:17	140000	180000	RUR
129964024	╨а╤Г╨║╨╛╨▓╨╛╨┤╨╕╤В╨╡╨╗╤М ╤В╨╡╤Е╨╜╨╕╤З╨╡╤Б╨║╨╛╨╣ ╨┐╨╛╨┤╨┤╨╡╤А╨╢╨║╨╕	╨д╨╗╨░╤В	╨Ь╨╛╤Б╨║╨▓╨░	0	2026-01-28	https://hh.ru/vacancy/129964024	2026-01-29 10:51:17	\N	\N	\N
129968289	Middle+ Python Developer	╨Р╤Б╤В╤А╨░╨Ч╨╡╨╜╨╡╨║╨░	╨Ь╨╛╤Б╨║╨▓╨░	0	2026-01-28	https://hh.ru/vacancy/129968289	2026-01-29 10:51:17	\N	\N	\N
129970755	Backend ╤А╨░╨╖╤А╨░╨▒╨╛╤В╤З╨╕╨║	Thesis	╨Ь╨╛╤Б╨║╨▓╨░	0	2026-01-28	https://hh.ru/vacancy/129970755	2026-01-29 10:51:17	170000	\N	RUR
129976432	Senior Frontend ╤А╨░╨╖╤А╨░╨▒╨╛╤В╤З╨╕╨║ (React)	╨Ъ╨а╨Ю╨Ъ	╨Ь╨╛╤Б╨║╨▓╨░	0	2026-01-28	https://hh.ru/vacancy/129976432	2026-01-29 10:51:17	\N	\N	\N
129966468	╨а╨░╨╖╤А╨░╨▒╨╛╤В╤З╨╕╨║ python	╨Ф╨╕╨▓╨╡╤А╨│╨╡╨╜╤В	╨Ь╨╛╤Б╨║╨▓╨░	0	2026-01-28	https://hh.ru/vacancy/129966468	2026-01-29 10:51:17	\N	\N	\N
129974796	╨б╨╕╤Б╤В╨╡╨╝╨╜╤Л╨╣ ╨░╨╜╨░╨╗╨╕╤В╨╕╨║	Innovative People	╨Ь╨╛╤Б╨║╨▓╨░	0	2026-01-28	https://hh.ru/vacancy/129974796	2026-01-29 10:51:17	\N	\N	\N
129974060	BI-╨░╨╜╨░╨╗╨╕╤В╨╕╨║ / ╨Р╨╜╨░╨╗╨╕╤В╨╕╨║ ╨┤╨░╨╜╨╜╤Л╤Е (Power BI)	╨Р╨Э╨Ю ╨Ф╨Я╨Ю ╨Э╨Р╨Ф╨Я╨Ю	╨Ь╨╛╤Б╨║╨▓╨░	0	2026-01-28	https://hh.ru/vacancy/129974060	2026-01-29 10:51:17	100000	120000	RUR
129964671	Frontend (React) Engineer	╨в╨Я╨б ╨Э╨╡╨┤╨▓╨╕╨╢╨╕╨╝╨╛╤Б╤В╤М	╨Ь╨╛╤Б╨║╨▓╨░	0	2026-01-28	https://hh.ru/vacancy/129964671	2026-01-29 10:51:17	\N	\N	\N
129967509	╨н╨║╤Б╨┐╨╡╤А╤В ╨▓ ╨Я╤А╨╛╨┤╨▓╨╕╨╜╤Г╤В╤Г╤О ╨░╨╜╨░╨╗╨╕╤В╨╕╨║╤Г ╨╕ ╨╝╨╛╨┤╨╡╨╗╨╕╤А╨╛╨▓╨░╨╜╨╕╨╡ (Data Engineer)	╨С╨░╨╜╨║ ╨Ф╨Ю╨Ь.╨а╨д	╨Ь╨╛╤Б╨║╨▓╨░	0	2026-01-28	https://hh.ru/vacancy/129967509	2026-01-29 10:51:17	\N	\N	\N
129977909	╨б╤В╨░╨╢╨╡╤А-Data Engineer	╨б╨С╨Х╨а	╨Ь╨╛╤Б╨║╨▓╨░	0	2026-01-28	https://hh.ru/vacancy/129977909	2026-01-29 10:51:17	\N	80000	RUR
129964246	Junior OLAP-╤А╨░╨╖╤А╨░╨▒╨╛╤В╤З╨╕╨║	WILDBERRIES	╨Ь╨╛╤Б╨║╨▓╨░	0	2026-01-28	https://hh.ru/vacancy/129964246	2026-01-29 10:51:17	\N	\N	\N
129975551	Data Engineer	╨б╨▒╨╡╤А╨б╨┐╨░╤Б╨╕╨▒╨╛	╨Ь╨╛╤Б╨║╨▓╨░	0	2026-01-28	https://hh.ru/vacancy/129975551	2026-01-29 10:51:17	\N	\N	\N
129970326	Data Engineering / ╨Ш╨╜╨╢╨╡╨╜╨╡╤А ╨┤╨░╨╜╨╜╤Л╤Е ╨╕╨╜╤Д╨╛╤А╨╝╨░╤Ж╨╕╨╛╨╜╨╜╤Л╤Е ╨▒╨╕╨╖╨╜╨╡╤Б-╤Б╨╕╤Б╤В╨╡╨╝	╨Ь╨╛╨╜тАЩ╨┤╤Н╨╗╨╕╤Б ╨а╤Г╤Б╤М	╨Ь╨╛╤Б╨║╨▓╨░	0	2026-01-28	https://hh.ru/vacancy/129970326	2026-01-29 10:51:17	\N	\N	\N
129972780	DevOps ╨╕╨╜╨╢╨╡╨╜╨╡╤А	Data World	╨Ь╨╛╤Б╨║╨▓╨░	0	2026-01-28	https://hh.ru/vacancy/129972780	2026-01-29 10:51:17	\N	240000	RUR
129974462	Data Engineer (╨Ш╨╜╨╢╨╡╨╜╨╡╤А ╨┤╨░╨╜╨╜╤Л╤Е)	Grand Line	╨Ь╨╛╤Б╨║╨▓╨░	0	2026-01-28	https://hh.ru/vacancy/129974462	2026-01-29 10:51:17	200000	\N	RUR
129377777	╨Ь╨╗╨░╨┤╤И╨╕╨╣ ╤А╨░╨╖╤А╨░╨▒╨╛╤В╤З╨╕╨║	╨Т╨╡╤А╨╝╨╡	╨Ь╨╛╤Б╨║╨▓╨░	0	2026-01-28	https://hh.ru/vacancy/129377777	2026-01-29 10:51:17	\N	\N	\N
129974010	Senior Frontend-╤А╨░╨╖╤А╨░╨▒╨╛╤В╤З╨╕╨║	╨Т╨╕╨╢╨╜╨Ы╨░╨▒╤Б (VisionLabs)	╨Ь╨╛╤Б╨║╨▓╨░	0	2026-01-28	https://hh.ru/vacancy/129974010	2026-01-29 10:51:17	140000	180000	RUR
129964024	╨а╤Г╨║╨╛╨▓╨╛╨┤╨╕╤В╨╡╨╗╤М ╤В╨╡╤Е╨╜╨╕╤З╨╡╤Б╨║╨╛╨╣ ╨┐╨╛╨┤╨┤╨╡╤А╨╢╨║╨╕	╨д╨╗╨░╤В	╨Ь╨╛╤Б╨║╨▓╨░	0	2026-01-28	https://hh.ru/vacancy/129964024	2026-01-29 10:51:17	\N	\N	\N
129968289	Middle+ Python Developer	╨Р╤Б╤В╤А╨░╨Ч╨╡╨╜╨╡╨║╨░	╨Ь╨╛╤Б╨║╨▓╨░	0	2026-01-28	https://hh.ru/vacancy/129968289	2026-01-29 10:51:17	\N	\N	\N
129970755	Backend ╤А╨░╨╖╤А╨░╨▒╨╛╤В╤З╨╕╨║	Thesis	╨Ь╨╛╤Б╨║╨▓╨░	0	2026-01-28	https://hh.ru/vacancy/129970755	2026-01-29 10:51:17	170000	\N	RUR
129976432	Senior Frontend ╤А╨░╨╖╤А╨░╨▒╨╛╤В╤З╨╕╨║ (React)	╨Ъ╨а╨Ю╨Ъ	╨Ь╨╛╤Б╨║╨▓╨░	0	2026-01-28	https://hh.ru/vacancy/129976432	2026-01-29 10:51:17	\N	\N	\N
129966468	╨а╨░╨╖╤А╨░╨▒╨╛╤В╤З╨╕╨║ python	╨Ф╨╕╨▓╨╡╤А╨│╨╡╨╜╤В	╨Ь╨╛╤Б╨║╨▓╨░	0	2026-01-28	https://hh.ru/vacancy/129966468	2026-01-29 10:51:17	\N	\N	\N
129962798	╨д╨╕╨╜╨░╨╜╤Б╨╛╨▓╤Л╨╣ ╨░╨╜╨░╨╗╨╕╤В╨╕╨║	╨п╨╜╨┤╨╡╨║╤Б	╨Ь╨╛╤Б╨║╨▓╨░	0	2026-01-28	https://hh.ru/vacancy/129962798	2026-01-28 13:55:19	\N	\N	\N
129951975	╨Р╨╜╨░╨╗╨╕╤В╨╕╨║ ╨┤╨░╨╜╨╜╤Л╤Е (╨╛╨┐╨╡╤А╨░╤Ж╨╕╨╛╨╜╨╜╨░╤П ╨░╨╜╨░╨╗╨╕╤В╨╕╨║╨░)	╨г╨╝╤Б╨║╤Г╨╗	╨Ь╨╛╤Б╨║╨▓╨░	0	2026-01-28	https://hh.ru/vacancy/129951975	2026-01-28 13:55:19	\N	\N	\N
129950760	╨С╨╕╨╖╨╜╨╡╤Б-╨░╨╜╨░╨╗╨╕╤В╨╕╨║ (junior)	╨в1	╨Ь╨╛╤Б╨║╨▓╨░	0	2026-01-28	https://hh.ru/vacancy/129950760	2026-01-28 13:55:19	\N	\N	\N
129891530	Java-╤А╨░╨╖╤А╨░╨▒╨╛╤В╤З╨╕╨║	╨Ы╨Р╨Э╨Ш╨в	╨Ь╨╛╤Б╨║╨▓╨░	0	2026-01-28	https://hh.ru/vacancy/129891530	2026-01-28 13:55:19	\N	\N	\N
129942422	Senior QA	╨а╨╛╤Б╤В╨╡╨╗╨╡╨║╨╛╨╝	╨Ь╨╛╤Б╨║╨▓╨░	0	2026-01-28	https://hh.ru/vacancy/129942422	2026-01-28 13:55:19	\N	\N	\N
129950809	╨б╤В╨░╨╢╨╡╤А-╨░╨╜╨░╨╗╨╕╤В╨╕╨║	╨б╨С╨Х╨а	╨Ь╨╛╤Б╨║╨▓╨░	0	2026-01-28	https://hh.ru/vacancy/129950809	2026-01-28 13:55:19	\N	\N	\N
129945109	╨Ь╨╡╨╜╨╡╨┤╨╢╨╡╤А ╨┐╨╛ ╨┐╤А╨╡╤В╨╡╨╜╨╖╨╕╤П╨╝ ╨╕ ╨┤╨╛╨║╤Г╨╝╨╡╨╜╤В╨╛╨╛╨▒╨╛╤А╨╛╤В╤Г	SPLAT	╨Ь╨╛╤Б╨║╨▓╨░	0	2026-01-28	https://hh.ru/vacancy/129945109	2026-01-28 13:55:19	\N	\N	\N
129956918	Data scientist (ML)	ANCOR	╨Ь╨╛╤Б╨║╨▓╨░	0	2026-01-28	https://hh.ru/vacancy/129956918	2026-01-28 13:55:19	\N	\N	\N
129959070	Data Engineer (╨Ш╨╜╨┤╨╕╨╣╤Б╨║╨╛╨╡ ╨╜╨░╨┐╤А╨░╨▓╨╗╨╡╨╜╨╕╨╡)	╨б╨С╨Х╨а	╨Ь╨╛╤Б╨║╨▓╨░	0	2026-01-28	https://hh.ru/vacancy/129959070	2026-01-28 13:55:19	\N	\N	\N
129745849	Junior Data Engineer	╨н╨Ъ╨Ю╨Я╨б╨Ш ╨Ъ╨╛╨╜╤Б╨░╨╗╤В╨╕╨╜╨│	╨Ь╨╛╤Б╨║╨▓╨░	0	2026-01-28	https://hh.ru/vacancy/129745849	2026-01-28 13:55:19	\N	\N	\N
129394031	Data Engineer / ETL Engineer (ClickHouse, Airflow, Python)	FOM GROUP	╨Ь╨╛╤Б╨║╨▓╨░	0	2026-01-28	https://hh.ru/vacancy/129394031	2026-01-28 13:55:19	1900	1900	USD
129959441	╨Р╨╜╨░╨╗╨╕╤В╨╕╨║ ╨┤╨░╨╜╨╜╤Л╤Е	╨д╨░╤А╨╝╤Б╤В╨░╨╜╨┤╨░╤А╤В	╨Ь╨╛╤Б╨║╨▓╨░	0	2026-01-28	https://hh.ru/vacancy/129959441	2026-01-28 13:55:19	\N	\N	\N
129964246	Junior OLAP-╤А╨░╨╖╤А╨░╨▒╨╛╤В╤З╨╕╨║	WILDBERRIES	╨Ь╨╛╤Б╨║╨▓╨░	0	2026-01-28	https://hh.ru/vacancy/129964246	2026-01-28 13:55:19	\N	\N	\N
129753992	╨Р╨╜╨░╨╗╨╕╤В╨╕╨║ ╨┤╨░╨╜╨╜╤Л╤Е (SQL)	╨Я╨╗╨░╤В╤Д╨╛╤А╨╝╨░ ╨Ю╨д╨Ф	╨Ь╨╛╤Б╨║╨▓╨░	0	2026-01-28	https://hh.ru/vacancy/129753992	2026-01-28 13:55:19	180000	206000	RUR
129936539	╨Ь╨╗╨░╨┤╤И╨╕╨╣ ╤А╨░╨╖╤А╨░╨▒╨╛╤В╤З╨╕╨║-╨╕╤Б╤Б╨╗╨╡╨┤╨╛╨▓╨░╤В╨╡╨╗╤М / Junior R&D Engineer	╨Ю╨┐╤В╨╕╨╝╨░╨╗╨д╨╗╨╛╤Г ╨У╤А╤Г╨┐╨┐	╨Ь╨╛╤Б╨║╨▓╨░	0	2026-01-28	https://hh.ru/vacancy/129936539	2026-01-28 13:55:19	\N	\N	\N
129745596	PHP-╤А╨░╨╖╤А╨░╨▒╨╛╤В╤З╨╕╨║	╨в╨Ъ ╨в╨╛╨┐╨╗╨╕╨▓╨╜╤Л╨╡ ╨а╨╡╤И╨╡╨╜╨╕╤П	╨Ь╨╛╤Б╨║╨▓╨░	0	2026-01-28	https://hh.ru/vacancy/129745596	2026-01-28 13:55:19	150000	\N	RUR
129966468	╨а╨░╨╖╤А╨░╨▒╨╛╤В╤З╨╕╨║ python	╨Ф╨╕╨▓╨╡╤А╨│╨╡╨╜╤В	╨Ь╨╛╤Б╨║╨▓╨░	0	2026-01-28	https://hh.ru/vacancy/129966468	2026-01-28 13:55:19	\N	\N	\N
129963062	Senior AI Frontend Developer	Overgear	╨Ь╨╛╤Б╨║╨▓╨░	0	2026-01-28	https://hh.ru/vacancy/129963062	2026-01-28 13:55:19	\N	\N	\N
129746528	╨в╨╡╤Б╤В╨╕╤А╨╛╨▓╤Й╨╕╨║	╨в╤А╨░╨╜╤Б╨╜╨╡╤Д╤В╤М╤Н╨╜╨╡╤А╨│╨╛	╨Ь╨╛╤Б╨║╨▓╨░	0	2026-01-28	https://hh.ru/vacancy/129746528	2026-01-28 13:55:19	170000	200000	RUR
129964024	╨а╤Г╨║╨╛╨▓╨╛╨┤╨╕╤В╨╡╨╗╤М ╤В╨╡╤Е╨╜╨╕╤З╨╡╤Б╨║╨╛╨╣ ╨┐╨╛╨┤╨┤╨╡╤А╨╢╨║╨╕	╨д╨╗╨░╤В	╨Ь╨╛╤Б╨║╨▓╨░	0	2026-01-28	https://hh.ru/vacancy/129964024	2026-01-28 13:55:19	\N	\N	\N
129956577	Python ╤А╨░╨╖╤А╨░╨▒╨╛╤В╤З╨╕╨║	╨а╨╛╤Б╨░╤В╨╛╨╝ ╨Т╨╛╨╖╨╛╨▒╨╜╨╛╨▓╨╗╤П╨╡╨╝╨░╤П ╤Н╨╜╨╡╤А╨│╨╕╤П	╨Ь╨╛╤Б╨║╨▓╨░	0	2026-01-28	https://hh.ru/vacancy/129956577	2026-01-28 13:55:19	\N	\N	\N
129962798	╨д╨╕╨╜╨░╨╜╤Б╨╛╨▓╤Л╨╣ ╨░╨╜╨░╨╗╨╕╤В╨╕╨║	╨п╨╜╨┤╨╡╨║╤Б	╨Ь╨╛╤Б╨║╨▓╨░	0	2026-01-28	https://hh.ru/vacancy/129962798	2026-01-28 13:41:19	\N	\N	\N
129967709	UX/UI-╨┤╨╕╨╖╨░╨╣╨╜╨╡╤А ╨▓ ╨┐╤А╨╛╨┤╤Г╨║╤В╨╛╨▓╤Г╤О ╨║╨╛╨╝╨░╨╜╨┤╤Г	IBLS	╨Ь╨╛╤Б╨║╨▓╨░	0	2026-01-28	https://hh.ru/vacancy/129967709	2026-01-28 13:41:19	150000	200000	RUR
129950760	╨С╨╕╨╖╨╜╨╡╤Б-╨░╨╜╨░╨╗╨╕╤В╨╕╨║ (junior)	╨в1	╨Ь╨╛╤Б╨║╨▓╨░	0	2026-01-28	https://hh.ru/vacancy/129950760	2026-01-28 13:41:19	\N	\N	\N
129950809	╨б╤В╨░╨╢╨╡╤А-╨░╨╜╨░╨╗╨╕╤В╨╕╨║	╨б╨С╨Х╨а	╨Ь╨╛╤Б╨║╨▓╨░	0	2026-01-28	https://hh.ru/vacancy/129950809	2026-01-28 13:41:19	\N	\N	\N
129891530	Java-╤А╨░╨╖╤А╨░╨▒╨╛╤В╤З╨╕╨║	╨Ы╨Р╨Э╨Ш╨в	╨Ь╨╛╤Б╨║╨▓╨░	0	2026-01-28	https://hh.ru/vacancy/129891530	2026-01-28 13:41:19	\N	\N	\N
129942422	Senior QA	╨а╨╛╤Б╤В╨╡╨╗╨╡╨║╨╛╨╝	╨Ь╨╛╤Б╨║╨▓╨░	0	2026-01-28	https://hh.ru/vacancy/129942422	2026-01-28 13:41:19	\N	\N	\N
129945109	╨Ь╨╡╨╜╨╡╨┤╨╢╨╡╤А ╨┐╨╛ ╨┐╤А╨╡╤В╨╡╨╜╨╖╨╕╤П╨╝ ╨╕ ╨┤╨╛╨║╤Г╨╝╨╡╨╜╤В╨╛╨╛╨▒╨╛╤А╨╛╤В╤Г	SPLAT	╨Ь╨╛╤Б╨║╨▓╨░	0	2026-01-28	https://hh.ru/vacancy/129945109	2026-01-28 13:41:19	\N	\N	\N
129959070	Data Engineer (╨Ш╨╜╨┤╨╕╨╣╤Б╨║╨╛╨╡ ╨╜╨░╨┐╤А╨░╨▓╨╗╨╡╨╜╨╕╨╡)	╨б╨С╨Х╨а	╨Ь╨╛╤Б╨║╨▓╨░	0	2026-01-28	https://hh.ru/vacancy/129959070	2026-01-28 13:41:19	\N	\N	\N
129745849	Junior Data Engineer	╨н╨Ъ╨Ю╨Я╨б╨Ш ╨Ъ╨╛╨╜╤Б╨░╨╗╤В╨╕╨╜╨│	╨Ь╨╛╤Б╨║╨▓╨░	0	2026-01-28	https://hh.ru/vacancy/129745849	2026-01-28 13:41:19	\N	\N	\N
129394031	Data Engineer / ETL Engineer (ClickHouse, Airflow, Python)	FOM GROUP	╨Ь╨╛╤Б╨║╨▓╨░	0	2026-01-28	https://hh.ru/vacancy/129394031	2026-01-28 13:41:19	1900	1900	USD
129959441	╨Р╨╜╨░╨╗╨╕╤В╨╕╨║ ╨┤╨░╨╜╨╜╤Л╤Е	╨д╨░╤А╨╝╤Б╤В╨░╨╜╨┤╨░╤А╤В	╨Ь╨╛╤Б╨║╨▓╨░	0	2026-01-28	https://hh.ru/vacancy/129959441	2026-01-28 13:41:19	\N	\N	\N
129964246	Junior OLAP-╤А╨░╨╖╤А╨░╨▒╨╛╤В╤З╨╕╨║	WILDBERRIES	╨Ь╨╛╤Б╨║╨▓╨░	0	2026-01-28	https://hh.ru/vacancy/129964246	2026-01-28 13:41:19	\N	\N	\N
129753992	╨Р╨╜╨░╨╗╨╕╤В╨╕╨║ ╨┤╨░╨╜╨╜╤Л╤Е (SQL)	╨Я╨╗╨░╤В╤Д╨╛╤А╨╝╨░ ╨Ю╨д╨Ф	╨Ь╨╛╤Б╨║╨▓╨░	0	2026-01-28	https://hh.ru/vacancy/129753992	2026-01-28 13:41:19	180000	206000	RUR
129936539	╨Ь╨╗╨░╨┤╤И╨╕╨╣ ╤А╨░╨╖╤А╨░╨▒╨╛╤В╤З╨╕╨║-╨╕╤Б╤Б╨╗╨╡╨┤╨╛╨▓╨░╤В╨╡╨╗╤М / Junior R&D Engineer	╨Ю╨┐╤В╨╕╨╝╨░╨╗╨д╨╗╨╛╤Г ╨У╤А╤Г╨┐╨┐	╨Ь╨╛╤Б╨║╨▓╨░	0	2026-01-28	https://hh.ru/vacancy/129936539	2026-01-28 13:41:19	\N	\N	\N
129745596	PHP-╤А╨░╨╖╤А╨░╨▒╨╛╤В╤З╨╕╨║	╨в╨Ъ ╨в╨╛╨┐╨╗╨╕╨▓╨╜╤Л╨╡ ╨а╨╡╤И╨╡╨╜╨╕╤П	╨Ь╨╛╤Б╨║╨▓╨░	0	2026-01-28	https://hh.ru/vacancy/129745596	2026-01-28 13:41:19	150000	\N	RUR
129963062	Senior AI Frontend Developer	Overgear	╨Ь╨╛╤Б╨║╨▓╨░	0	2026-01-28	https://hh.ru/vacancy/129963062	2026-01-28 13:41:19	\N	\N	\N
129966468	╨а╨░╨╖╤А╨░╨▒╨╛╤В╤З╨╕╨║ python	╨Ф╨╕╨▓╨╡╤А╨│╨╡╨╜╤В	╨Ь╨╛╤Б╨║╨▓╨░	0	2026-01-28	https://hh.ru/vacancy/129966468	2026-01-28 13:41:19	\N	\N	\N
129746528	╨в╨╡╤Б╤В╨╕╤А╨╛╨▓╤Й╨╕╨║	╨в╤А╨░╨╜╤Б╨╜╨╡╤Д╤В╤М╤Н╨╜╨╡╤А╨│╨╛	╨Ь╨╛╤Б╨║╨▓╨░	0	2026-01-28	https://hh.ru/vacancy/129746528	2026-01-28 13:41:19	170000	200000	RUR
129964024	╨а╤Г╨║╨╛╨▓╨╛╨┤╨╕╤В╨╡╨╗╤М ╤В╨╡╤Е╨╜╨╕╤З╨╡╤Б╨║╨╛╨╣ ╨┐╨╛╨┤╨┤╨╡╤А╨╢╨║╨╕	╨д╨╗╨░╤В	╨Ь╨╛╤Б╨║╨▓╨░	0	2026-01-28	https://hh.ru/vacancy/129964024	2026-01-28 13:41:19	\N	\N	\N
129956577	Python ╤А╨░╨╖╤А╨░╨▒╨╛╤В╤З╨╕╨║	╨а╨╛╤Б╨░╤В╨╛╨╝ ╨Т╨╛╨╖╨╛╨▒╨╜╨╛╨▓╨╗╤П╨╡╨╝╨░╤П ╤Н╨╜╨╡╤А╨│╨╕╤П	╨Ь╨╛╤Б╨║╨▓╨░	0	2026-01-28	https://hh.ru/vacancy/129956577	2026-01-28 13:41:19	\N	\N	\N
129933884	╨Ю╨┐╨╡╤А╨░╤В╨╛╤А ╨┐╨╛ ╨╛╨▒╤А╨░╨▒╨╛╤В╨║╨╡ ╨╖╨░╨║╨░╨╖╨╛╨▓	╨Э╨░╤В╤Г╤А╨░	╨Ь╨╛╤Б╨║╨▓╨░	0	2026-01-27	https://hh.ru/vacancy/129933884	2026-01-28 13:55:19	\N	\N	\N
129935259	╨Ф╨╕╤А╨╡╨║╤В╨╛╤А ╨┐╨╛ ╨┐╨╡╤А╤Б╨╛╨╜╨░╨╗╤Г (HRD)	╨Я╨Ы╨в ╨Х╤Б ╨е╨╛╨╗╨┤╨╕╨╜╨│ ╨╕ ╨Ъ╨╛╨╝╨┐╨░╨╜╨╕╤П	╨Ь╨╛╤Б╨║╨▓╨░	0	2026-01-27	https://hh.ru/vacancy/129935259	2026-01-28 13:55:19	250000	350000	RUR
129728476	Data Engineer (CV)	╨д╨Р╨Щ╨Т╨Ф╨Ц╨Х╨Э	╨Ь╨╛╤Б╨║╨▓╨░	0	2026-01-27	https://hh.ru/vacancy/129728476	2026-01-28 13:55:19	100000	\N	RUR
129931321	Data Engineer / Platform Engineer (Kubernetes, pipelines)	╨Ю╨╜╨║╨╛╨┤╨╕╨░╨│╨╜╨╛╤Б╤В╨╕╨║╨░ ╨Р╤В╨╗╨░╤Б	╨Ь╨╛╤Б╨║╨▓╨░	0	2026-01-27	https://hh.ru/vacancy/129931321	2026-01-28 13:55:19	\N	\N	\N
129934890	Middle backend-╤А╨░╨╖╤А╨░╨▒╨╛╤В╤З╨╕╨║	Wildbox	╨Ь╨╛╤Б╨║╨▓╨░	0	2026-01-27	https://hh.ru/vacancy/129934890	2026-01-28 13:55:19	150000	250000	RUR
129932011	Golang-╤А╨░╨╖╤А╨░╨▒╨╛╤В╤З╨╕╨║. Nova	Orion soft	╨Ь╨╛╤Б╨║╨▓╨░	0	2026-01-27	https://hh.ru/vacancy/129932011	2026-01-28 13:55:19	\N	\N	\N
129932235	Golang Developer (Sandbox)	╨Ы╨░╨▒╨╛╤А╨░╤В╨╛╤А╨╕╤П ╨Ъ╨░╤Б╨┐╨╡╤А╤Б╨║╨╛╨│╨╛	╨Ь╨╛╤Б╨║╨▓╨░	0	2026-01-27	https://hh.ru/vacancy/129932235	2026-01-28 13:55:19	\N	\N	\N
129933534	QA ╨╕╨╜╨╢╨╡╨╜╨╡╤А / ╨╕╨╜╨╢╨╡╨╜╨╡╤А ╨┐╨╛ ╤В╨╡╤Б╤В╨╕╤А╨╛╨▓╨░╨╜╨╕╤О	╨а╨С╨Ъ	╨Ь╨╛╤Б╨║╨▓╨░	0	2026-01-27	https://hh.ru/vacancy/129933534	2026-01-28 13:55:19	\N	100000	RUR
129933884	╨Ю╨┐╨╡╤А╨░╤В╨╛╤А ╨┐╨╛ ╨╛╨▒╤А╨░╨▒╨╛╤В╨║╨╡ ╨╖╨░╨║╨░╨╖╨╛╨▓	╨Э╨░╤В╤Г╤А╨░	╨Ь╨╛╤Б╨║╨▓╨░	0	2026-01-27	https://hh.ru/vacancy/129933884	2026-01-28 13:41:19	\N	\N	\N
129935259	╨Ф╨╕╤А╨╡╨║╤В╨╛╤А ╨┐╨╛ ╨┐╨╡╤А╤Б╨╛╨╜╨░╨╗╤Г (HRD)	╨Я╨Ы╨в ╨Х╤Б ╨е╨╛╨╗╨┤╨╕╨╜╨│ ╨╕ ╨Ъ╨╛╨╝╨┐╨░╨╜╨╕╤П	╨Ь╨╛╤Б╨║╨▓╨░	0	2026-01-27	https://hh.ru/vacancy/129935259	2026-01-28 13:41:19	250000	350000	RUR
129930109	Data Engineer	╨а╨б╨е╨С-╨Ш╨╜╤В╨╡╤Е	╨Ь╨╛╤Б╨║╨▓╨░	0	2026-01-27	https://hh.ru/vacancy/129930109	2026-01-28 13:41:19	\N	\N	\N
129728476	Data Engineer (CV)	╨д╨Р╨Щ╨Т╨Ф╨Ц╨Х╨Э	╨Ь╨╛╤Б╨║╨▓╨░	0	2026-01-27	https://hh.ru/vacancy/129728476	2026-01-28 13:41:19	100000	\N	RUR
129931321	Data Engineer / Platform Engineer (Kubernetes, pipelines)	╨Ю╨╜╨║╨╛╨┤╨╕╨░╨│╨╜╨╛╤Б╤В╨╕╨║╨░ ╨Р╤В╨╗╨░╤Б	╨Ь╨╛╤Б╨║╨▓╨░	0	2026-01-27	https://hh.ru/vacancy/129931321	2026-01-28 13:41:19	\N	\N	\N
129934890	Middle backend-╤А╨░╨╖╤А╨░╨▒╨╛╤В╤З╨╕╨║	Wildbox	╨Ь╨╛╤Б╨║╨▓╨░	0	2026-01-27	https://hh.ru/vacancy/129934890	2026-01-28 13:41:19	150000	250000	RUR
129932011	Golang-╤А╨░╨╖╤А╨░╨▒╨╛╤В╤З╨╕╨║. Nova	Orion soft	╨Ь╨╛╤Б╨║╨▓╨░	0	2026-01-27	https://hh.ru/vacancy/129932011	2026-01-28 13:41:19	\N	\N	\N
129932235	Golang Developer (Sandbox)	╨Ы╨░╨▒╨╛╤А╨░╤В╨╛╤А╨╕╤П ╨Ъ╨░╤Б╨┐╨╡╤А╤Б╨║╨╛╨│╨╛	╨Ь╨╛╤Б╨║╨▓╨░	0	2026-01-27	https://hh.ru/vacancy/129932235	2026-01-28 13:41:19	\N	\N	\N
129933534	QA ╨╕╨╜╨╢╨╡╨╜╨╡╤А / ╨╕╨╜╨╢╨╡╨╜╨╡╤А ╨┐╨╛ ╤В╨╡╤Б╤В╨╕╤А╨╛╨▓╨░╨╜╨╕╤О	╨а╨С╨Ъ	╨Ь╨╛╤Б╨║╨▓╨░	0	2026-01-27	https://hh.ru/vacancy/129933534	2026-01-28 13:41:19	\N	100000	RUR
129904704	╨С╨╕╨╖╨╜╨╡╤Б-╨░╨╜╨░╨╗╨╕╤В╨╕╨║ / Business Analyst (╨Я╨╛╨▓╤Л╤И╨╡╨╜╨╕╨╡ ╤Н╤Д╤Д╨╡╨║╤В╨╕╨▓╨╜╨╛╤Б╤В╨╕ ╨╖╨░╨║╤Г╨┐╨╛╤З╨╜╤Л╤Е ╨┐╤А╨╛╤Ж╨╡╤Б╤Б╨╛╨▓)	Nestle	╨Ь╨╛╤Б╨║╨▓╨░	0	2026-01-27	https://hh.ru/vacancy/129904704	2026-01-27 11:09:24	\N	\N	\N
129902588	╨Р╨╜╨░╨╗╨╕╤В╨╕╨║ ╨╛╤В╨┤╨╡╨╗╨░ ╨┐╤А╨╛╨┤╨░╨╢ / Distributors Channel Analyst	Kraft Heinz	╨Ь╨╛╤Б╨║╨▓╨░	0	2026-01-27	https://hh.ru/vacancy/129902588	2026-01-27 11:09:24	\N	\N	\N
129916387	Java-╤А╨░╨╖╤А╨░╨▒╨╛╤В╤З╨╕╨║	╨Ь╨╛╤Б╨║╨╛╨▓╤Б╨║╨╕╨╣ ╨╝╨╡╤В╤А╨╛╨┐╨╛╨╗╨╕╤В╨╡╨╜	╨Ь╨╛╤Б╨║╨▓╨░	0	2026-01-27	https://hh.ru/vacancy/129916387	2026-01-27 11:09:24	\N	\N	\N
129897146	╨в╨╡╤Б╤В╨╕╤А╨╛╨▓╤Й╨╕╨║	╨С╤Н╨╜╨║╤Б ╨б╨╛╤Д╤В ╨б╨╕╤Б╤В╨╡╨╝╤Б	╨Ь╨╛╤Б╨║╨▓╨░	0	2026-01-27	https://hh.ru/vacancy/129897146	2026-01-27 11:09:24	\N	140000	RUR
129905750	Frontend ╤А╨░╨╖╤А╨░╨▒╨╛╤В╤З╨╕╨║ (React / TypeScript / Redux)	╨Ь╨╡╨╢╤А╨╡╨│╨╕╨╛╨╜╨░╨╗╤М╨╜╨░╤П ╨╕╨╜╤Б╨┐╨╡╨║╤Ж╨╕╤П ╨д╨╡╨┤╨╡╤А╨░╨╗╤М╨╜╨╛╨╣ ╨╜╨░╨╗╨╛╨│╨╛╨▓╨╛╨╣ ╤Б╨╗╤Г╨╢╨▒╤Л ╨┐╨╛ ╤Г╨┐╤А╨░╨▓╨╗╨╡╨╜╨╕╤О ╨┤╨╛╨╗╨│╨╛╨╝	╨Ь╨╛╤Б╨║╨▓╨░	0	2026-01-27	https://hh.ru/vacancy/129905750	2026-01-27 11:09:24	150000	\N	RUR
129915941	Product manager ╨▓ ╨б╤В╨░╤А╤В╨░╨┐ ╤Н╨║╨╛╤Б╨╕╤Б╤В╨╡╨╝╤Г ╨б╨▒╨╡╤А╨░	╨б╨С╨Х╨а	╨Ь╨╛╤Б╨║╨▓╨░	0	2026-01-27	https://hh.ru/vacancy/129915941	2026-01-27 11:09:24	\N	\N	\N
129914984	Frontend ╨а╨░╨╖╤А╨░╨▒╨╛╤В╤З╨╕╨║	╨Ь╨╛╤Б╨в╤А╨░╨╜╤Б╨Я╤А╨╛╨╡╨║╤В	╨Ь╨╛╤Б╨║╨▓╨░	0	2026-01-27	https://hh.ru/vacancy/129914984	2026-01-27 11:09:24	\N	\N	\N
129906984	╨Т╨╡╨┤╤Г╤Й╨╕╨╣ ╤Б╨┐╨╡╤Ж╨╕╨░╨╗╨╕╤Б╤В ╨┐╨╛ ╤Б╨╕╤Б╤В╨╡╨╝╨░╨╝ ╤Н╨╗╨╡╨║╤В╤А╨╛╨╜╨╜╨╛╨│╨╛ ╨┤╨╛╨║╤Г╨╝╨╡╨╜╤В╨╛╨╛╨▒╨╛╤А╨╛╤В╨░	╨Ъ╨░╤Б╨┐╨╕╨╣╤Б╨║╨╕╨╣ ╨в╤А╤Г╨▒╨╛╨┐╤А╨╛╨▓╨╛╨┤╨╜╤Л╨╣ ╨Ъ╨╛╨╜╤Б╨╛╤А╤Ж╨╕╤Г╨╝	╨Ь╨╛╤Б╨║╨▓╨░	0	2026-01-27	https://hh.ru/vacancy/129906984	2026-01-27 11:09:24	360000	\N	RUR
129915802	Data Engineer	2MOOD	╨Ь╨╛╤Б╨║╨▓╨░	0	2026-01-27	https://hh.ru/vacancy/129915802	2026-01-27 11:09:24	\N	\N	\N
129902202	DevOps-╨╕╨╜╨╢╨╡╨╜╨╡╤А ╨▓ Data platform	╨Э╨░╤Ж╨╕╨╛╨╜╨░╨╗╤М╨╜╨░╤П ╨Ы╨╛╤В╨╡╤А╨╡╤П	╨Ь╨╛╤Б╨║╨▓╨░	0	2026-01-27	https://hh.ru/vacancy/129902202	2026-01-27 11:09:24	\N	\N	\N
129917494	Data Engineer	╨Р╨╗╤М╤Д╨░-╨С╨░╨╜╨║	╨Ь╨╛╤Б╨║╨▓╨░	0	2026-01-27	https://hh.ru/vacancy/129917494	2026-01-27 11:09:24	\N	\N	\N
129915032	Data Engineer	Algonova	╨Ь╨╛╤Б╨║╨▓╨░	0	2026-01-27	https://hh.ru/vacancy/129915032	2026-01-27 11:09:24	\N	\N	\N
129906738	DevOps Engineer (gamedev)	Indie Go	╨Ь╨╛╤Б╨║╨▓╨░	0	2026-01-27	https://hh.ru/vacancy/129906738	2026-01-27 11:09:24	\N	150000	RUR
128944115	Python-╤А╨░╨╖╤А╨░╨▒╨╛╤В╤З╨╕╨║ (╤Д╨╕╤В╨╜╨╡╤Б-╨║╨╗╤Г╨▒)	╨Я╨╛╨║╨╛╨╗╨╡╨╜╨╕╨╡	╨Ь╨╛╤Б╨║╨▓╨░	0	2026-01-27	https://hh.ru/vacancy/128944115	2026-01-27 11:09:24	80000	\N	RUR
129907418	Senior Python-╤А╨░╨╖╤А╨░╨▒╨╛╤В╤З╨╕╨║	╨в╨╛╤З╨║╨░ ╨С╨░╨╜╨║	╨Ь╨╛╤Б╨║╨▓╨░	0	2026-01-27	https://hh.ru/vacancy/129907418	2026-01-27 11:09:24	\N	575000	RUR
129909810	PHP-╤А╨░╨╖╤А╨░╨▒╨╛╤В╤З╨╕╨║ (AI-first)	Sales Evolution	╨Ь╨╛╤Б╨║╨▓╨░	0	2026-01-27	https://hh.ru/vacancy/129909810	2026-01-27 11:09:24	150000	200000	RUR
129888480	╨Р╨╜╨░╨╗╨╕╤В╨╕╨║ ╨▓ ╨Ю╤В╨┤╨╡╨╗ ╨░╨╜╨░╨╗╨╕╤В╨╕╤З╨╡╤Б╨║╨╛╨│╨╛ ╤Б╨╛╨┐╤А╨╛╨▓╨╛╨╢╨┤╨╡╨╜╨╕╤П ╨▓╤Л╤Б╤И╨╡╨│╨╛ ╨╛╨▒╤А╨░╨╖╨╛╨▓╨░╨╜╨╕╤П	╨д╨У╨С╨г ╨Ш╨╜╤В╨╡╤А╨╛╨▒╤А╨░╨╖╨╛╨▓╨░╨╜╨╕╨╡	╨Ь╨╛╤Б╨║╨▓╨░	0	2026-01-26	https://hh.ru/vacancy/129888480	2026-01-27 11:09:24	250000	250000	RUR
129887415	QA Engineer. ╨Я╤А╨╛╨╡╨║╤В "╨б╨┐╨░╤Б╨╕╨▒╨╛"	╨б╨▒╨╡╤А╨б╨┐╨░╤Б╨╕╨▒╨╛	╨Ь╨╛╤Б╨║╨▓╨░	0	2026-01-26	https://hh.ru/vacancy/129887415	2026-01-27 11:09:24	\N	\N	\N
129876745	Data Analyst	╨Ш╤В-╨д╨╕╨╜╨░╨╜╤Б	╨Ь╨╛╤Б╨║╨▓╨░	0	2026-01-26	https://hh.ru/vacancy/129876745	2026-01-27 11:09:24	\N	\N	\N
129886386	Data Scientist	╨Ы╨╡╤Б╤В╨░ ╨Ш╨│╤А╤Л	╨Ь╨╛╤Б╨║╨▓╨░	0	2026-01-26	https://hh.ru/vacancy/129886386	2026-01-27 11:09:24	\N	\N	\N
129889768	Senior QA Engineer (Relocation to Cyprus)	FxPro	╨Ь╨╛╤Б╨║╨▓╨░	0	2026-01-26	https://hh.ru/vacancy/129889768	2026-01-27 11:09:24	\N	\N	\N
129881903	Python / AI Developer (GenAI & Data Systems)	╨Р╤А╨╡╨╜╨░╨┤╨░╤В╨░ ╨б╨╛╤Д╤В╨▓╨╡╤А	╨Ь╨╛╤Б╨║╨▓╨░	0	2026-01-26	https://hh.ru/vacancy/129881903	2026-01-27 11:09:24	\N	\N	\N
129890306	Senior QA Engineer (Bank) to Cyprus	FxPro	╨Ь╨╛╤Б╨║╨▓╨░	0	2026-01-26	https://hh.ru/vacancy/129890306	2026-01-27 11:09:24	\N	\N	\N
129886267	╨в╨╡╤Б╤В╨╕╤А╨╛╨▓╤Й╨╕╨║ Naimus.AI	╨Р╨Щ╨д╨н╨Ы╨Ы	╨Ь╨╛╤Б╨║╨▓╨░	0	2026-01-26	https://hh.ru/vacancy/129886267	2026-01-27 11:09:24	\N	180000	RUR
129671539	Middle Backend Python ╤А╨░╨╖╤А╨░╨▒╨╛╤В╤З╨╕╨║	╨Р╨╝╨▒╤А╨╡╨╗╨╗╨░	╨Ь╨╛╤Б╨║╨▓╨░	0	2026-01-26	https://hh.ru/vacancy/129671539	2026-01-27 11:09:24	150000	\N	RUR
129665143	Python-╤А╨░╨╖╤А╨░╨▒╨╛╤В╤З╨╕╨║	╨Р╨╣╨║╨╛╨╜ ╨Я╤А╨╛	╨Ь╨╛╤Б╨║╨▓╨░	0	2026-01-26	https://hh.ru/vacancy/129665143	2026-01-27 11:09:24	260000	\N	RUR
129888720	╨Т╨╡╨┤╤Г╤Й╨╕╨╣ ╤А╨░╨╖╤А╨░╨▒╨╛╤В╤З╨╕╨║ ╨▒╨░╨╖ ╨┤╨░╨╜╨╜╤Л╤Е	S8 Capital	╨Ь╨╛╤Б╨║╨▓╨░	0	2026-01-26	https://hh.ru/vacancy/129888720	2026-01-27 11:09:24	\N	\N	\N
129656600	╨Ш╨╜╨╢╨╡╨╜╨╡╤А-╤В╨╡╤Б╤В╨╕╤А╨╛╨▓╤Й╨╕╨║ (╤А╤Г╤З╨╜╨╛╨╡ ╤В╨╡╤Б╤В╨╕╤А╨╛╨▓╨░╨╜╨╕╨╡)	╨ж╨╕╤Д╤А╨╛╨▓╤Л╨╡ ╤А╨╡╤И╨╡╨╜╨╕╤П, ╨Э╨Я╨Я	╨Ь╨╛╤Б╨║╨▓╨░	0	2026-01-26	https://hh.ru/vacancy/129656600	2026-01-27 11:09:24	\N	\N	\N
129884243	BackendтАС╤А╨░╨╖╤А╨░╨▒╨╛╤В╤З╨╕╨║ Python/Django (middle/middle+)	ProOrder	╨Ь╨╛╤Б╨║╨▓╨░	0	2026-01-26	https://hh.ru/vacancy/129884243	2026-01-27 11:09:24	250000	\N	RUR
129879719	Senior Manual QA	╨Ф╨░╤А╤В╤Б ╤А╨╡╨║╤А╤Г╤В╨╕╨╜╨│ ╤Б╨╡╤А╨▓╨╕╤Б╨╡╨╖	╨Ь╨╛╤Б╨║╨▓╨░	0	2026-01-26	https://hh.ru/vacancy/129879719	2026-01-27 11:09:24	\N	220000	RUR
129859692	╨Ь╨╗╨░╨┤╤И╨╕╨╣ ╨░╨╜╨░╨╗╨╕╤В╨╕╨║-╤А╨░╨╖╤А╨░╨▒╨╛╤В╤З╨╕╨║ (SQL)	╨а╨Х╨б╨Ю-╨У╨░╤А╨░╨╜╤В╨╕╤П, ╨б╨Р╨Ю	╨Ь╨╛╤Б╨║╨▓╨░	0	2026-01-26	https://hh.ru/vacancy/129859692	2026-01-26 19:48:08	\N	\N	\N
129890091	╨Ь╨╗╨░╨┤╤И╨╕╨╣ ╨░╨╜╨░╨╗╨╕╤В╨╕╨║	╨Ъ╨Ю╨д╨Х╨д╨Х╨б╨в	╨Ь╨╛╤Б╨║╨▓╨░	0	2026-01-26	https://hh.ru/vacancy/129890091	2026-01-26 19:48:08	\N	\N	\N
129876124	╨Ф╨╕╤А╨╡╨║╤В╨╛╤А ╨┐╨╛ ╨╕╨╜╤Д╨╛╤А╨╝╨░╤Ж╨╕╨╛╨╜╨╜╤Л╨╝ ╤В╨╡╤Е╨╜╨╛╨╗╨╛╨│╨╕╤П╨╝ (CIO)	Plus Development	╨Ь╨╛╤Б╨║╨▓╨░	0	2026-01-26	https://hh.ru/vacancy/129876124	2026-01-26 19:48:08	\N	\N	\N
129872194	╨б╨┐╨╡╤Ж╨╕╨░╨╗╨╕╤Б╤В ╨┐╨╛ ╨╝╨░╤А╨║╨╡╤В╨╕╨╜╨│╤Г ╨╕ ╨║╨╛╨╝╨╝╨╡╤А╤З╨╡╤Б╨║╨╕╨╝ ╨╛╨┐╨╡╤А╨░╤Ж╨╕╤П╨╝	╨Ш╨Т ╨а╨Ю╨и╨Х	╨Ь╨╛╤Б╨║╨▓╨░	0	2026-01-26	https://hh.ru/vacancy/129872194	2026-01-26 19:48:08	\N	\N	\N
129867535	╨Р╨╜╨░╨╗╨╕╤В╨╕╨║ ╨┤╨░╨╜╨╜╤Л╤Е	╨в1	╨Ь╨╛╤Б╨║╨▓╨░	0	2026-01-26	https://hh.ru/vacancy/129867535	2026-01-26 19:48:08	\N	\N	\N
129872033	╨У╨╗╨░╨▓╨╜╤Л╨╣ ╤Б╨┐╨╡╤Ж╨╕╨░╨╗╨╕╤Б╤В ╨┐╨╛ ╨║╨░╨┤╤А╨╛╨▓╨╛╨╝╤Г ╨░╨┤╨╝╨╕╨╜╨╕╤Б╤В╤А╨╕╤А╨╛╨▓╨░╨╜╨╕╤О (╤А╤Г╨║╨╛╨▓╨╛╨┤╨╕╤В╨╡╨╗╤М ╨╜╨░╨┐╤А╨░╨▓╨╗╨╡╨╜╨╕╤П)	╨а╨╛╤Б╤Б╨╕╨╣╤Б╨║╨░╤П ╨╕╨╜╨╢╨╡╨╜╨╡╤А╨╜╨╛-╨┐╤А╨╛╨╕╨╖╨▓╨╛╨┤╤Б╤В╨▓╨╡╨╜╨╜╨░╤П ╨║╨╛╨╝╨┐╨░╨╜╨╕╤П	╨Ь╨╛╤Б╨║╨▓╨░	0	2026-01-26	https://hh.ru/vacancy/129872033	2026-01-26 19:48:08	\N	\N	\N
129888480	╨Р╨╜╨░╨╗╨╕╤В╨╕╨║ ╨▓ ╨Ю╤В╨┤╨╡╨╗ ╨░╨╜╨░╨╗╨╕╤В╨╕╤З╨╡╤Б╨║╨╛╨│╨╛ ╤Б╨╛╨┐╤А╨╛╨▓╨╛╨╢╨┤╨╡╨╜╨╕╤П ╨▓╤Л╤Б╤И╨╡╨│╨╛ ╨╛╨▒╤А╨░╨╖╨╛╨▓╨░╨╜╨╕╤П	╨д╨У╨С╨г ╨Ш╨╜╤В╨╡╤А╨╛╨▒╤А╨░╨╖╨╛╨▓╨░╨╜╨╕╨╡	╨Ь╨╛╤Б╨║╨▓╨░	0	2026-01-26	https://hh.ru/vacancy/129888480	2026-01-26 19:48:08	250000	250000	RUR
129892537	Java ╤А╨░╨╖╤А╨░╨▒╨╛╤В╤З╨╕╨║ (╨Я╨╛╨┤╨▒╨╛╤А)	Datanomica	╨Ь╨╛╤Б╨║╨▓╨░	0	2026-01-26	https://hh.ru/vacancy/129892537	2026-01-26 19:48:08	\N	\N	\N
129862903	╨д╨╕╨╜╨░╨╜╤Б╨╛╨▓╤Л╨╣ ╨╝╨╡╨╜╨╡╨┤╨╢╨╡╤А/╤Д╨╕╨╜╨░╨╜╤Б╨╛╨▓╤Л╨╣ ╨║╨╛╨╜╤В╤А╨╛╨╗╨╗╨╡╤А	SberTech	╨Ь╨╛╤Б╨║╨▓╨░	0	2026-01-26	https://hh.ru/vacancy/129862903	2026-01-26 19:48:08	\N	\N	\N
129887415	QA Engineer. ╨Я╤А╨╛╨╡╨║╤В "╨б╨┐╨░╤Б╨╕╨▒╨╛"	╨б╨▒╨╡╤А╨б╨┐╨░╤Б╨╕╨▒╨╛	╨Ь╨╛╤Б╨║╨▓╨░	0	2026-01-26	https://hh.ru/vacancy/129887415	2026-01-26 19:48:08	\N	\N	\N
129864080	╨Ф╨░╤В╨░-╨╕╨╜╨╢╨╡╨╜╨╡╤А AI/ML	Rubytech	╨Ь╨╛╤Б╨║╨▓╨░	0	2026-01-26	https://hh.ru/vacancy/129864080	2026-01-26 19:48:08	\N	\N	\N
129881903	Python / AI Developer (GenAI & Data Systems)	╨Р╤А╨╡╨╜╨░╨┤╨░╤В╨░ ╨б╨╛╤Д╤В╨▓╨╡╤А	╨Ь╨╛╤Б╨║╨▓╨░	0	2026-01-26	https://hh.ru/vacancy/129881903	2026-01-26 19:48:08	\N	\N	\N
129886386	Data Scientist	╨Ы╨╡╤Б╤В╨░ ╨Ш╨│╤А╤Л	╨Ь╨╛╤Б╨║╨▓╨░	0	2026-01-26	https://hh.ru/vacancy/129886386	2026-01-26 19:48:08	\N	\N	\N
129889768	Senior QA Engineer (Relocation to Cyprus)	FxPro	╨Ь╨╛╤Б╨║╨▓╨░	0	2026-01-26	https://hh.ru/vacancy/129889768	2026-01-26 19:48:08	\N	\N	\N
129890306	Senior QA Engineer (Bank) to Cyprus	FxPro	╨Ь╨╛╤Б╨║╨▓╨░	0	2026-01-26	https://hh.ru/vacancy/129890306	2026-01-26 19:48:08	\N	\N	\N
129859325	╨б╤В╨░╤А╤И╨╕╨╣ ╨░╨╜╨░╨╗╨╕╤В╨╕╨║-╨┐╤А╨╛╨│╤А╨░╨╝╨╝╨╕╤Б╤В SQL	╨Р╨Ы╨Т╨Ш╨б╨Р	╨Ь╨╛╤Б╨║╨▓╨░	0	2026-01-26	https://hh.ru/vacancy/129859325	2026-01-26 19:48:08	200000	200000	RUR
129637770	Data Engineer/ ╨Ф╨░╤В╨░ ╨╕╨╜╨╢╨╡╨╜╨╡╤А (junior)	╨д╨╕╤В╨▒╨╡╨╣╤Б	╨Ь╨╛╤Б╨║╨▓╨░	0	2026-01-26	https://hh.ru/vacancy/129637770	2026-01-26 19:48:08	\N	100000	RUR
129886267	╨в╨╡╤Б╤В╨╕╤А╨╛╨▓╤Й╨╕╨║ Naimus.AI	╨Р╨Щ╨д╨н╨Ы╨Ы	╨Ь╨╛╤Б╨║╨▓╨░	0	2026-01-26	https://hh.ru/vacancy/129886267	2026-01-26 19:48:08	\N	180000	RUR
129864207	Customer quality supervisor	╨Ч╨╕╨╝╨╕╨╜╨░ ╨Х╨╗╨╡╨╜╨░ ╨Ю╨╗╨╡╨│╨╛╨▓╨╜╨░	╨Ь╨╛╤Б╨║╨▓╨░	0	2026-01-26	https://hh.ru/vacancy/129864207	2026-01-26 19:48:08	4000	4500	USD
129865842	Senior Python developer	FIX	╨Ь╨╛╤Б╨║╨▓╨░	0	2026-01-26	https://hh.ru/vacancy/129865842	2026-01-26 19:48:08	\N	\N	\N
129865553	Senior Python developer/╤А╨░╨╖╤А╨░╨▒╨╛╤В╤З╨╕╨║ Python	╨Р╨б╨в	╨Ь╨╛╤Б╨║╨▓╨░	0	2026-01-26	https://hh.ru/vacancy/129865553	2026-01-26 19:48:08	\N	\N	\N
129797833	╨Т╨╡╨┤╤Г╤Й╨╕╨╣ ╤А╨░╨╖╤А╨░╨▒╨╛╤В╤З╨╕╨║ (Python)	╨Ь╤Г╨╗╤М╤В╨╕╤Д╨░╨║╤В╨╛╤А	╨Ь╨╛╤Б╨║╨▓╨░	0	2026-01-26	https://hh.ru/vacancy/129797833	2026-01-26 19:48:08	\N	\N	\N
129656600	╨Ш╨╜╨╢╨╡╨╜╨╡╤А-╤В╨╡╤Б╤В╨╕╤А╨╛╨▓╤Й╨╕╨║ (╤А╤Г╤З╨╜╨╛╨╡ ╤В╨╡╤Б╤В╨╕╤А╨╛╨▓╨░╨╜╨╕╨╡)	╨ж╨╕╤Д╤А╨╛╨▓╤Л╨╡ ╤А╨╡╤И╨╡╨╜╨╕╤П, ╨Э╨Я╨Я	╨Ь╨╛╤Б╨║╨▓╨░	0	2026-01-26	https://hh.ru/vacancy/129656600	2026-01-26 19:48:08	\N	\N	\N
129884243	BackendтАС╤А╨░╨╖╤А╨░╨▒╨╛╤В╤З╨╕╨║ Python/Django (middle/middle+)	ProOrder	╨Ь╨╛╤Б╨║╨▓╨░	0	2026-01-26	https://hh.ru/vacancy/129884243	2026-01-26 19:48:08	250000	\N	RUR
129879719	Senior Manual QA	╨Ф╨░╤А╤В╤Б ╤А╨╡╨║╤А╤Г╤В╨╕╨╜╨│ ╤Б╨╡╤А╨▓╨╕╤Б╨╡╨╖	╨Ь╨╛╤Б╨║╨▓╨░	0	2026-01-26	https://hh.ru/vacancy/129879719	2026-01-26 19:48:08	\N	220000	RUR
129863982	Frontend-╤А╨░╨╖╤А╨░╨▒╨╛╤В╤З╨╕╨║	╨б╨╕╤Б╤В╨╡╨╝╨╜╨░╤П ╨Ш╨╜╤В╨╡╨│╤А╨░╤Ж╨╕╤П	╨Ь╨╛╤Б╨║╨▓╨░	0	2026-01-26	https://hh.ru/vacancy/129863982	2026-01-26 19:48:08	\N	\N	\N
129637770	Data Engineer/ ╨Ф╨░╤В╨░ ╨╕╨╜╨╢╨╡╨╜╨╡╤А (junior)	╨д╨╕╤В╨▒╨╡╨╣╤Б	╨Ь╨╛╤Б╨║╨▓╨░	0	2026-01-26	https://hh.ru/vacancy/129637770	2026-01-26 19:48:08	\N	100000	RUR
129859692	╨Ь╨╗╨░╨┤╤И╨╕╨╣ ╨░╨╜╨░╨╗╨╕╤В╨╕╨║-╤А╨░╨╖╤А╨░╨▒╨╛╤В╤З╨╕╨║ (SQL)	╨а╨Х╨б╨Ю-╨У╨░╤А╨░╨╜╤В╨╕╤П, ╨б╨Р╨Ю	╨Ь╨╛╤Б╨║╨▓╨░	0	2026-01-26	https://hh.ru/vacancy/129859692	2026-01-26 19:47:40	\N	\N	\N
129890091	╨Ь╨╗╨░╨┤╤И╨╕╨╣ ╨░╨╜╨░╨╗╨╕╤В╨╕╨║	╨Ъ╨Ю╨д╨Х╨д╨Х╨б╨в	╨Ь╨╛╤Б╨║╨▓╨░	0	2026-01-26	https://hh.ru/vacancy/129890091	2026-01-26 19:47:40	\N	\N	\N
129876124	╨Ф╨╕╤А╨╡╨║╤В╨╛╤А ╨┐╨╛ ╨╕╨╜╤Д╨╛╤А╨╝╨░╤Ж╨╕╨╛╨╜╨╜╤Л╨╝ ╤В╨╡╤Е╨╜╨╛╨╗╨╛╨│╨╕╤П╨╝ (CIO)	Plus Development	╨Ь╨╛╤Б╨║╨▓╨░	0	2026-01-26	https://hh.ru/vacancy/129876124	2026-01-26 19:47:40	\N	\N	\N
129872194	╨б╨┐╨╡╤Ж╨╕╨░╨╗╨╕╤Б╤В ╨┐╨╛ ╨╝╨░╤А╨║╨╡╤В╨╕╨╜╨│╤Г ╨╕ ╨║╨╛╨╝╨╝╨╡╤А╤З╨╡╤Б╨║╨╕╨╝ ╨╛╨┐╨╡╤А╨░╤Ж╨╕╤П╨╝	╨Ш╨Т ╨а╨Ю╨и╨Х	╨Ь╨╛╤Б╨║╨▓╨░	0	2026-01-26	https://hh.ru/vacancy/129872194	2026-01-26 19:47:40	\N	\N	\N
129867535	╨Р╨╜╨░╨╗╨╕╤В╨╕╨║ ╨┤╨░╨╜╨╜╤Л╤Е	╨в1	╨Ь╨╛╤Б╨║╨▓╨░	0	2026-01-26	https://hh.ru/vacancy/129867535	2026-01-26 19:47:40	\N	\N	\N
129872033	╨У╨╗╨░╨▓╨╜╤Л╨╣ ╤Б╨┐╨╡╤Ж╨╕╨░╨╗╨╕╤Б╤В ╨┐╨╛ ╨║╨░╨┤╤А╨╛╨▓╨╛╨╝╤Г ╨░╨┤╨╝╨╕╨╜╨╕╤Б╤В╤А╨╕╤А╨╛╨▓╨░╨╜╨╕╤О (╤А╤Г╨║╨╛╨▓╨╛╨┤╨╕╤В╨╡╨╗╤М ╨╜╨░╨┐╤А╨░╨▓╨╗╨╡╨╜╨╕╤П)	╨а╨╛╤Б╤Б╨╕╨╣╤Б╨║╨░╤П ╨╕╨╜╨╢╨╡╨╜╨╡╤А╨╜╨╛-╨┐╤А╨╛╨╕╨╖╨▓╨╛╨┤╤Б╤В╨▓╨╡╨╜╨╜╨░╤П ╨║╨╛╨╝╨┐╨░╨╜╨╕╤П	╨Ь╨╛╤Б╨║╨▓╨░	0	2026-01-26	https://hh.ru/vacancy/129872033	2026-01-26 19:47:40	\N	\N	\N
129888480	╨Р╨╜╨░╨╗╨╕╤В╨╕╨║ ╨▓ ╨Ю╤В╨┤╨╡╨╗ ╨░╨╜╨░╨╗╨╕╤В╨╕╤З╨╡╤Б╨║╨╛╨│╨╛ ╤Б╨╛╨┐╤А╨╛╨▓╨╛╨╢╨┤╨╡╨╜╨╕╤П ╨▓╤Л╤Б╤И╨╡╨│╨╛ ╨╛╨▒╤А╨░╨╖╨╛╨▓╨░╨╜╨╕╤П	╨д╨У╨С╨г ╨Ш╨╜╤В╨╡╤А╨╛╨▒╤А╨░╨╖╨╛╨▓╨░╨╜╨╕╨╡	╨Ь╨╛╤Б╨║╨▓╨░	0	2026-01-26	https://hh.ru/vacancy/129888480	2026-01-26 19:47:40	250000	250000	RUR
129892537	Java ╤А╨░╨╖╤А╨░╨▒╨╛╤В╤З╨╕╨║ (╨Я╨╛╨┤╨▒╨╛╤А)	Datanomica	╨Ь╨╛╤Б╨║╨▓╨░	0	2026-01-26	https://hh.ru/vacancy/129892537	2026-01-26 19:47:40	\N	\N	\N
129862903	╨д╨╕╨╜╨░╨╜╤Б╨╛╨▓╤Л╨╣ ╨╝╨╡╨╜╨╡╨┤╨╢╨╡╤А/╤Д╨╕╨╜╨░╨╜╤Б╨╛╨▓╤Л╨╣ ╨║╨╛╨╜╤В╤А╨╛╨╗╨╗╨╡╤А	SberTech	╨Ь╨╛╤Б╨║╨▓╨░	0	2026-01-26	https://hh.ru/vacancy/129862903	2026-01-26 19:47:40	\N	\N	\N
129887415	QA Engineer. ╨Я╤А╨╛╨╡╨║╤В "╨б╨┐╨░╤Б╨╕╨▒╨╛"	╨б╨▒╨╡╤А╨б╨┐╨░╤Б╨╕╨▒╨╛	╨Ь╨╛╤Б╨║╨▓╨░	0	2026-01-26	https://hh.ru/vacancy/129887415	2026-01-26 19:47:40	\N	\N	\N
129864080	╨Ф╨░╤В╨░-╨╕╨╜╨╢╨╡╨╜╨╡╤А AI/ML	Rubytech	╨Ь╨╛╤Б╨║╨▓╨░	0	2026-01-26	https://hh.ru/vacancy/129864080	2026-01-26 19:47:40	\N	\N	\N
129881903	Python / AI Developer (GenAI & Data Systems)	╨Р╤А╨╡╨╜╨░╨┤╨░╤В╨░ ╨б╨╛╤Д╤В╨▓╨╡╤А	╨Ь╨╛╤Б╨║╨▓╨░	0	2026-01-26	https://hh.ru/vacancy/129881903	2026-01-26 19:47:40	\N	\N	\N
129886386	Data Scientist	╨Ы╨╡╤Б╤В╨░ ╨Ш╨│╤А╤Л	╨Ь╨╛╤Б╨║╨▓╨░	0	2026-01-26	https://hh.ru/vacancy/129886386	2026-01-26 19:47:40	\N	\N	\N
129889768	Senior QA Engineer (Relocation to Cyprus)	FxPro	╨Ь╨╛╤Б╨║╨▓╨░	0	2026-01-26	https://hh.ru/vacancy/129889768	2026-01-26 19:47:40	\N	\N	\N
129890306	Senior QA Engineer (Bank) to Cyprus	FxPro	╨Ь╨╛╤Б╨║╨▓╨░	0	2026-01-26	https://hh.ru/vacancy/129890306	2026-01-26 19:47:40	\N	\N	\N
129859325	╨б╤В╨░╤А╤И╨╕╨╣ ╨░╨╜╨░╨╗╨╕╤В╨╕╨║-╨┐╤А╨╛╨│╤А╨░╨╝╨╝╨╕╤Б╤В SQL	╨Р╨Ы╨Т╨Ш╨б╨Р	╨Ь╨╛╤Б╨║╨▓╨░	0	2026-01-26	https://hh.ru/vacancy/129859325	2026-01-26 19:47:40	200000	200000	RUR
129637770	Data Engineer/ ╨Ф╨░╤В╨░ ╨╕╨╜╨╢╨╡╨╜╨╡╤А (junior)	╨д╨╕╤В╨▒╨╡╨╣╤Б	╨Ь╨╛╤Б╨║╨▓╨░	0	2026-01-26	https://hh.ru/vacancy/129637770	2026-01-26 19:47:40	\N	100000	RUR
129886267	╨в╨╡╤Б╤В╨╕╤А╨╛╨▓╤Й╨╕╨║ Naimus.AI	╨Р╨Щ╨д╨н╨Ы╨Ы	╨Ь╨╛╤Б╨║╨▓╨░	0	2026-01-26	https://hh.ru/vacancy/129886267	2026-01-26 19:47:40	\N	180000	RUR
129864207	Customer quality supervisor	╨Ч╨╕╨╝╨╕╨╜╨░ ╨Х╨╗╨╡╨╜╨░ ╨Ю╨╗╨╡╨│╨╛╨▓╨╜╨░	╨Ь╨╛╤Б╨║╨▓╨░	0	2026-01-26	https://hh.ru/vacancy/129864207	2026-01-26 19:47:40	4000	4500	USD
129865842	Senior Python developer	FIX	╨Ь╨╛╤Б╨║╨▓╨░	0	2026-01-26	https://hh.ru/vacancy/129865842	2026-01-26 19:47:40	\N	\N	\N
129865553	Senior Python developer/╤А╨░╨╖╤А╨░╨▒╨╛╤В╤З╨╕╨║ Python	╨Р╨б╨в	╨Ь╨╛╤Б╨║╨▓╨░	0	2026-01-26	https://hh.ru/vacancy/129865553	2026-01-26 19:47:40	\N	\N	\N
129797833	╨Т╨╡╨┤╤Г╤Й╨╕╨╣ ╤А╨░╨╖╤А╨░╨▒╨╛╤В╤З╨╕╨║ (Python)	╨Ь╤Г╨╗╤М╤В╨╕╤Д╨░╨║╤В╨╛╤А	╨Ь╨╛╤Б╨║╨▓╨░	0	2026-01-26	https://hh.ru/vacancy/129797833	2026-01-26 19:47:40	\N	\N	\N
129656600	╨Ш╨╜╨╢╨╡╨╜╨╡╤А-╤В╨╡╤Б╤В╨╕╤А╨╛╨▓╤Й╨╕╨║ (╤А╤Г╤З╨╜╨╛╨╡ ╤В╨╡╤Б╤В╨╕╤А╨╛╨▓╨░╨╜╨╕╨╡)	╨ж╨╕╤Д╤А╨╛╨▓╤Л╨╡ ╤А╨╡╤И╨╡╨╜╨╕╤П, ╨Э╨Я╨Я	╨Ь╨╛╤Б╨║╨▓╨░	0	2026-01-26	https://hh.ru/vacancy/129656600	2026-01-26 19:47:40	\N	\N	\N
129884243	BackendтАС╤А╨░╨╖╤А╨░╨▒╨╛╤В╤З╨╕╨║ Python/Django (middle/middle+)	ProOrder	╨Ь╨╛╤Б╨║╨▓╨░	0	2026-01-26	https://hh.ru/vacancy/129884243	2026-01-26 19:47:40	250000	\N	RUR
129879719	Senior Manual QA	╨Ф╨░╤А╤В╤Б ╤А╨╡╨║╤А╤Г╤В╨╕╨╜╨│ ╤Б╨╡╤А╨▓╨╕╤Б╨╡╨╖	╨Ь╨╛╤Б╨║╨▓╨░	0	2026-01-26	https://hh.ru/vacancy/129879719	2026-01-26 19:47:40	\N	220000	RUR
129863982	Frontend-╤А╨░╨╖╤А╨░╨▒╨╛╤В╤З╨╕╨║	╨б╨╕╤Б╤В╨╡╨╝╨╜╨░╤П ╨Ш╨╜╤В╨╡╨│╤А╨░╤Ж╨╕╤П	╨Ь╨╛╤Б╨║╨▓╨░	0	2026-01-26	https://hh.ru/vacancy/129863982	2026-01-26 19:47:40	\N	\N	\N
129637770	Data Engineer/ ╨Ф╨░╤В╨░ ╨╕╨╜╨╢╨╡╨╜╨╡╤А (junior)	╨д╨╕╤В╨▒╨╡╨╣╤Б	╨Ь╨╛╤Б╨║╨▓╨░	0	2026-01-26	https://hh.ru/vacancy/129637770	2026-01-26 19:47:40	\N	100000	RUR
129844997	╨Я╤А╨╛╨│╤А╨░╨╝╨╝╨╕╤Б╤В Python	╨д╨╕╤А╨╝╨░ ╨Р╨Э╨Ъ╨Р╨Ф	╨Ч╨╡╨╗╨╡╨╜╨╛╨│╤А╨░╨┤	0	2026-01-26	https://hh.ru/vacancy/129844997	2026-01-26 19:48:08	150000	250000	RUR
129844997	╨Я╤А╨╛╨│╤А╨░╨╝╨╝╨╕╤Б╤В Python	╨д╨╕╤А╨╝╨░ ╨Р╨Э╨Ъ╨Р╨Ф	╨Ч╨╡╨╗╨╡╨╜╨╛╨│╤А╨░╨┤	0	2026-01-26	https://hh.ru/vacancy/129844997	2026-01-26 19:47:40	150000	250000	RUR
129842381	Python-╤А╨░╨╖╤А╨░╨▒╨╛╤В╤З╨╕╨║	Aston	╨Ь╨╛╤Б╨║╨▓╨░	0	2026-01-25	https://hh.ru/vacancy/129842381	2026-01-26 19:48:08	\N	\N	\N
129842381	Python-╤А╨░╨╖╤А╨░╨▒╨╛╤В╤З╨╕╨║	Aston	╨Ь╨╛╤Б╨║╨▓╨░	0	2026-01-25	https://hh.ru/vacancy/129842381	2026-01-26 19:48:08	\N	\N	\N
129842381	Python-╤А╨░╨╖╤А╨░╨▒╨╛╤В╤З╨╕╨║	Aston	╨Ь╨╛╤Б╨║╨▓╨░	0	2026-01-25	https://hh.ru/vacancy/129842381	2026-01-26 19:47:40	\N	\N	\N
129842381	Python-╤А╨░╨╖╤А╨░╨▒╨╛╤В╤З╨╕╨║	Aston	╨Ь╨╛╤Б╨║╨▓╨░	0	2026-01-25	https://hh.ru/vacancy/129842381	2026-01-26 19:47:40	\N	\N	\N
